Id,MinResponseTime
"47223668","336"
"47212094","714"
"47207133","153"
"47180583","18"
"47167562","7"
"47165962","4359"
"47163682","35"
"47143535","25"
"47128799","9"
"47120727","57"
"47112717","17"
"47098343","134"
"47097770","4258"
"47088682","10"
"47058397","10"
"47047319","513"
"47038208","20"
"47031519","9"
"47027348","9"
"47026495","10"
"47024457","40"
"47013235","11"
"47011343","235"
"47009433","34"
"47006499","845"
"47005737","382"
"46998893","32"
"46985668","405"
"46962067","827"
"46954123","29"
"46953215","9"
"46946065","1539"
"46942644","8"
"46938986","8"
"46936159","4"
"46924643","566"
"46919147","1346"
"46916099","28"
"46915224","961"
"46911669","481"
"46911556","1115"
"46902108","6"
"46901779","24"
"46883375","13"
"46882374","11"
"46881135","84"
"46879036","4253"
"46876796","12"
"46876375","109"
"46875443","117"
"46872686","35"
"46866025","95"
"46864738","114"
"46863423","5"
"46858617","40"
"46855926","6"
"46835169","27"
"46825105","22"
"46808100","1382"
"46800962","496"
"46799140","1382"
"46781999","8"
"46761808","47"
"46758683","484"
"46752640","132"
"46737849","2615"
"46725458","917"
"46717681","93"
"46676848","19"
"46671168","21"
"46655821","9"
"46655436","864"
"46651717","9"
"46650538","923"
"46630213","4"
"46624967","5"
"46624474","568"
"46615764","10"
"46610791","134"
"46601806","44"
"46593896","25"
"46585944","22"
"46576305","11"
"46575698","6"
"46566761","177"
"46562400","1187"
"46552340","97"
"46547450","2656"
"46545854","17"
"46540208","94"
"46536628","2107"
"46535338","8"
"46532823","4059"
"46518397","461"
"46513901","12"
"46506074","43"
"46505938","3623"
"46505033","83"
"46493976","810"
"46489249","19"
"46485117","27"
"46474649","0"
"46437599","13"
"46426023","66"
"46425508","36"
"46416757","418"
"46406014","0"
"46397963","165"
"46395444","28"
"46394484","41"
"46394245","34"
"46386200","74"
"46383583","759"
"46371071","211"
"46370362","793"
"46352601","954"
"46346302","1182"
"46333966","17"
"46324249","105"
"46322244","96"
"46313584","574"
"46311808","228"
"46310890","2968"
"46308092","8"
"46296015","1838"
"46292908","6"
"46290507","418"
"46289443","6"
"46284727","35"
"46276845","245"
"46274621","1780"
"46267566","12"
"46259180","1187"
"46247931","1146"
"46242176","101"
"46219422","52"
"46209833","343"
"46193513","1215"
"46185601","2470"
"46174198","2711"
"46122105","1277"
"46121765","8814"
"46121546","5706"
"46112520","32"
"46108548","490"
"46080978","1112"
"46065219","15"
"46045458","2512"
"46044323","1194"
"46043744","899"
"46043522","9"
"46028508","2332"
"46023874","46"
"46019759","2046"
"46019547","145"
"46005684","25"
"45998870","323"
"45914171","314"
"45900407","317"
"45899972","153"
"45894947","7226"
"45893250","4820"
"45875263","36"
"45815583","73"
"45783166","2645"
"45781919","16"
"45778077","32"
"45743299","671"
"45720140","192"
"45699811","21"
"45691507","24"
"45689413","1965"
"45672922","10442"
"45647460","30"
"45639538","433"
"45598281","39"
"45580319","707"
"45578180","5"
"45576089","142"
"45572253","8592"
"45557979","8"
"45536452","49"
"45533277","200"
"45533086","27"
"45523781","109"
"45508005","161"
"45491646","0"
"45487817","417"
"45479510","851"
"45438431","7"
"45429263","228"
"45410349","1845"
"45371790","52"
"45362323","69"
"45338950","122"
"45336398","9"
"45323562","71"
"45307184","72"
"45253719","3163"
"45245309","12"
"45242865","295"
"45228064","64"
"45222687","857"
"45217035","10"
"45177355","662"
"45176070","8"
"45160445","386"
"45153108","41"
"45149012","103"
"45148780","137"
"45144754","12"
"45107104","241"
"45105049","55"
"45088563","238"
"45087545","20"
"45066132","87"
"45054617","232"
"45045359","882"
"45045047","27"
"45032844","68"
"45029549","19"
"45024211","2253"
"45004019","467"
"44970384","28"
"44906193","4439"
"44905337","245"
"44900965","1330"
"44884526","97"
"44842558","24806"
"44780511","70"
"44742937","19"
"44726705","212"
"44712853","25"
"44666981","499"
"44665085","23"
"44657319","14"
"44636557","18"
"44614783","349"
"44610884","27"
"44610023","18"
"44598718","43"
"44584204","337"
"44574909","7060"
"44555410","204"
"44528425","30"
"44494200","4193"
"44470095","36"
"44450375","136"
"44424156","64"
"44423617","25"
"44404418","127"
"44400336","18"
"44399525","33"
"44395695","306"
"44377367","23"
"44373603","18"
"44367761","104"
"44363893","1478"
"44353240","312"
"44352011","2048"
"44337071","5354"
"44314837","21"
"44276970","70"
"44256367","50"
"44217406","30"
"44216763","4768"
"44201866","217154"
"44200482","144"
"44186590","42"
"44182628","235"
"44144555","11"
"44119767","376"
"44095034","41"
"44067361","120"
"44060069","263"
"44049185","43"
"44039514","488"
"44030871","6"
"44008058","28"
"43999762","45"
"43998905","23"
"43989931","598"
"43982112","8092"
"43979892","10"
"43963203","17987"
"43960985","19"
"43954687","1108"
"43954488","189"
"43954225","16"
"43953798","11"
"43948016","297"
"43918511","1326"
"43882340","52"
"43848691","4658"
"43840532","29"
"43837791","7"
"43826550","0"
"43819170","2802"
"43771603","22"
"43760646","22"
"43760194","647"
"43749494","472"
"43741629","10"
"43737487","29"
"43735889","122"
"43723262","10"
"43721446","1127"
"43713654","235"
"43706895","213"
"43705255","172"
"43703295","279329"
"43696861","3887"
"43666779","8"
"43663195","1264"
"43649923","304"
"43615188","34"
"43601285","514"
"43591860","18"
"43585694","55"
"43582534","455"
"43562933","1984"
"43562553","659"
"43554262","3285"
"43552449","488"
"43549170","15"
"43547084","11"
"43546314","9"
"43522584","17"
"43506270","1306"
"43502784","176"
"43486298","9"
"43474446","31582"
"43463526","90350"
"43461007","26"
"43452974","27"
"43445502","7277"
"43439492","1126"
"43426709","1151"
"43415970","15"
"43412043","122638"
"43400667","139"
"43398605","91"
"43397246","794"
"43362780","24"
"43346715","338"
"43316850","331"
"43308099","2167"
"43307623","69"
"43304334","48"
"43284433","19"
"43277113","20"
"43267452","16"
"43245965","13"
"43221830","14076"
"43169972","43"
"43167636","170"
"43162427","449"
"43153917","914"
"43131043","84"
"43113068","1456"
"43098163","5"
"43089166","133693"
"43063713","3070"
"43047639","1551"
"43034004","462"
"43033932","14"
"43021341","23"
"43017709","29"
"43016201","5"
"43015974","33"
"43012839","809"
"43010683","323"
"43008960","16"
"43005259","4"
"42976380","55"
"42953329","93"
"42939629","681"
"42932800","55"
"42911674","700"
"42911623","1374"
"42908273","62"
"42903424","101"
"42893795","47"
"42893124","22"
"42886515","265"
"42878724","1512"
"42878569","70"
"42878466","27"
"42872092","507"
"42856526","1869"
"42854631","311"
"42848758","19"
"42836214","29492"
"42816588","48"
"42790094","33"
"42769191","30"
"42757043","11"
"42751339","22"
"42742539","1505"
"42741065","14183"
"42737075","142"
"42731519","9"
"42727774","287"
"42712760","21"
"42710970","183"
"42694523","10"
"42690713","29"
"42685864","1449"
"42680971","1207"
"42662368","14"
"42661520","28"
"42658772","20"
"42656356","4498"
"42655800","5"
"42655339","21"
"42654555","11"
"42633615","10"
"42631912","89"
"42626943","273391"
"42612210","14"
"42606382","52"
"42605486","25"
"42555495","116"
"42513872","744"
"42500517","39"
"42499388","4299"
"42486650","44559"
"42477560","233"
"42460103","4373"
"42451423","776"
"42446557","12"
"42443143","498"
"42426394","1575"
"42424269","42"
"42422661","704"
"42420298","12"
"42404134","2554"
"42395707","8"
"42382158","554"
"42377013","1242"
"42367961","534"
"42358796","358"
"42357953","89"
"42351018","62"
"42336582","3896"
"42332778","91"
"42331772","1303"
"42320341","12"
"42318879","67"
"42317638","67"
"42309522","99"
"42289676","229"
"42261987","620"
"42239914","30"
"42231886","1242"
"42201312","28"
"42196995","595"
"42193103","62"
"42180787","801"
"42177832","4"
"42165958","83"
"42149525","830"
"42143854","34"
"42137436","14"
"42127738","4118"
"42127372","653"
"42125336","26"
"42123651","1281"
"42118331","6"
"42110714","501"
"42107172","721"
"42105636","9"
"42101726","578"
"42094076","141"
"42074499","18"
"42071406","8"
"42057209","25"
"42053699","240"
"42049798","1748"
"42031070","8263"
"42030527","19"
"42015413","367"
"42003463","344"
"41986723","28"
"41938447","179"
"41930307","764"
"41927605","227"
"41912656","4"
"41901071","1008"
"41886543","51"
"41866603","312"
"41864377","1170"
"41835812","11"
"41830467","182"
"41825814","53"
"41814345","65"
"41813740","15"
"41797085","8302"
"41793263","1098"
"41789362","11"
"41786688","26"
"41785038","14"
"41781764","1781"
"41780982","318"
"41767888","43"
"41766655","21"
"41759705","154"
"41757151","235"
"41739872","215"
"41729955","489"
"41711585","6866"
"41706407","443"
"41703970","67"
"41688019","598"
"41663474","12"
"41652559","120"
"41617724","21"
"41604526","128"
"41595181","16"
"41526599","358"
"41511783","41"
"41511633","3"
"41487329","93191"
"41472699","2824"
"41471283","706"
"41470470","1336"
"41431472","18"
"41421723","1230"
"41415756","77"
"41411323","11"
"41404846","4"
"41378396","1684"
"41366377","210"
"41361062","29"
"41360006","51"
"41353529","944"
"41333035","1546"
"41327655","1440"
"41296275","116"
"41271953","5"
"41271233","18330"
"41255502","224"
"41241156","233"
"41214000","11211"
"41204274","435"
"41203991","519"
"41202226","22"
"41185967","1321"
"41170767","66"
"41166309","5276"
"41138301","9"
"41137603","376"
"41128840","13"
"41119026","1409"
"41097576","233"
"41089079","253"
"41085883","261"
"41081966","27"
"41080886","123"
"41080014","56"
"41069602","18"
"41066352","44"
"41065463","89"
"41065001","5"
"41058882","632"
"41024650","48"
"41024247","1431"
"41016656","22"
"40984138","959"
"40981402","41"
"40979288","53"
"40970844","237"
"40968041","28"
"40959433","140"
"40954066","62"
"40953724","51"
"40950935","37"
"40949931","122"
"40949024","949"
"40944915","121"
"40938299","93"
"40916106","68"
"40905476","542"
"40904560","300"
"40903406","1800"
"40899725","6"
"40898292","255"
"40890725","114"
"40831945","492"
"40823652","29"
"40821446","4"
"40805332","19"
"40772502","709"
"40763154","98"
"40726132","16"
"40693893","147"
"40669024","5"
"40646878","1089"
"40638421","24"
"40635695","131"
"40604749","1539"
"40593470","9"
"40579530","4373"
"40578921","33"
"40578521","19"
"40574396","70"
"40567312","248"
"40567090","747"
"40550000","307"
"40537569","180"
"40537309","8"
"40514913","508"
"40514349","40"
"40510195","60"
"40497364","10"
"40491023","24"
"40480619","205"
"40471559","63"
"40457690","16"
"40449108","403"
"40448537","15"
"40442527","5"
"40439463","191"
"40428026","228"
"40422080","130"
"40418936","153"
"40407515","844"
"40399346","98"
"40396971","34"
"40368903","19"
"40365052","8"
"40359541","46"
"40350077","5"
"40337295","1634"
"40334123","17"
"40329605","31"
"40322962","680"
"40319995","238"
"40312465","5"
"40302811","564"
"40291948","23"
"40288699","10"
"40284691","38"
"40284149","44"
"40271903","14"
"40271646","500"
"40270354","70"
"40266982","19"
"40259433","11"
"40249998","6126"
"40246273","58"
"40244109","14"
"40240053","23"
"40226675","73"
"40219852","532"
"40210447","1846"
"40208389","915"
"40207261","55"
"40204547","1136"
"40202793","10"
"40199310","106"
"40199037","175"
"40194206","44"
"40186932","81"
"40183079","11"
"40165847","1197"
"40164857","2513"
"40154846","295"
"40153470","2756"
"40153168","51"
"40141955","166"
"40140361","55"
"40118932","8"
"40094031","73"
"40092049","46"
"40092021","2711"
"40079294","19"
"40079193","44"
"40077147","60"
"40065731","30"
"40064598","16"
"40064078","1264"
"40053830","91"
"40052944","11"
"40050805","4921"
"40050563","2654"
"40050059","17"
"40044123","57"
"40010376","52"
"40008949","20"
"40005218","667"
"40004245","407"
"40002575","24"
"39965395","20"
"39962412","173"
"39938628","16"
"39936298","137"
"39936020","4006"
"39934939","18"
"39921328","23"
"39906725","865"
"39901224","114"
"39864813","41"
"39836115","6"
"39835981","1512"
"39835395","99"
"39832107","63"
"39813584","106"
"39811036","118"
"39796986","1900"
"39782941","53"
"39781944","46"
"39757913","71"
"39757275","172264"
"39737889","75"
"39734961","348"
"39733484","6"
"39731015","136"
"39727991","20"
"39714662","14516"
"39698523","127"
"39683280","93672"
"39683054","90"
"39682425","10"
"39676627","113"
"39675231","4492"
"39671689","20"
"39667692","8"
"39656203","940"
"39651015","13"
"39649175","193"
"39645378","41"
"39631675","182"
"39628098","955"
"39613902","79"
"39613792","90"
"39606757","76"
"39565191","8"
"39564971","37"
"39560241","535987"
"39533764","489"
"39527852","235"
"39502882","7"
"39495672","669"
"39469071","40"
"39459784","8"
"39451038","18"
"39447795","17"
"39439872","32"
"39431948","84"
"39428119","33"
"39426861","308"
"39426131","1369"
"39425956","4"
"39412255","1322"
"39411252","29"
"39372157","10113"
"39369012","60"
"39335469","230"
"39334528","1033"
"39331542","33"
"39320606","2692"
"39313647","117"
"39309279","4237"
"39308323","347"
"39281262","331"
"39262731","45"
"39262519","61"
"39205829","358"
"39201064","522"
"39200770","523"
"39195541","33"
"39189005","256"
"39173209","19"
"39161070","68"
"39150995","4093"
"39128005","22"
"39101404","250"
"39089054","8111"
"39074812","1564"
"39074689","500"
"39060138","267"
"39057060","324"
"39029528","75"
"39028564","43"
"39027607","141"
"38997833","9"
"38987581","2674"
"38985194","381458"
"38966809","664"
"38963228","15736"
"38949773","65"
"38947664","47"
"38943325","2022"
"38937520","924"
"38894065","1251"
"38884482","12"
"38861629","3133"
"38843684","665"
"38839572","127"
"38819448","90"
"38814022","580"
"38784038","227"
"38743225","194"
"38704239","4260"
"38692735","74"
"38684541","37439"
"38678200","10"
"38677256","1379"
"38669012","10764"
"38547815","71"
"38517024","2808"
"38505920","44"
"38493137","86"
"38487870","2259"
"38428173","17"
"38426922","3972"
"38426315","55"
"38417539","5219"
"38414686","2335"
"38392718","303"
"38353312","14"
"38338690","45879"
"38294095","108"
"38288221","100"
"38250237","597"
"38236207","425"
"38214363","1045"
"38212202","68"
"38166698","26"
"38147841","39"
"38145510","43"
"38105756","36"
"38100250","7112"
"38043737","102"
"38034338","75"
"37994553","90"
"37990080","391661"
"37972940","55"
"37951265","35"
"37914103","542"
"37910498","567"
"37891315","126"
"37887327","34"
"37858560","16"
"37857728","79"
"37843985","74"
"37828059","612"
"37810521","125"
"37799280","44"
"37789015","837"
"37779498","140"
"37778648","373"
"37776837","36"
"37753188","530"
"37737973","35"
"37737810","69"
"37731365","249"
"37729469","48"
"37723418","39"
"37694313","756"
"37666571","45"
"37656436","98"
"37646039","576"
"37643605","54"
"37636570","43"
"37595725","15"
"37585404","11121"
"37578885","2088"
"37559325","437"
"37554736","1002"
"37545526","92"
"37541520","101"
"37530682","9"
"37525650","6386"
"37513046","325"
"37512794","180"
"37506434","20"
"37504534","77549"
"37495891","3672"
"37490262","1873"
"37472960","494"
"37448086","700"
"37443693","125"
"37437370","149"
"37415476","657"
"37402022","2072"
"37393140","12"
"37392479","273"
"37356245","263"
"37350504","102"
"37335063","386"
"37332527","738"
"37327140","23"
"37310779","13"
"37300584","298"
"37256100","4019"
"37250474","308"
"37197878","80"
"37175121","167"
"37148750","10"
"37127803","3088"
"37110836","7"
"37105675","790"
"37104840","26"
"37103767","420"
"37096550","6122"
"37091784","42"
"37091308","904"
"37084019","382"
"37082880","136032"
"37080092","39"
"37073235","958"
"37064353","192"
"37060290","45"
"37057189","192"
"37039307","17"
"37038709","243"
"37037399","338"
"37035225","208"
"37012429","64"
"37011984","731"
"37009157","16"
"37003149","24"
"37000038","54155"
"36993643","13"
"36991772","21"
"36991472","2250"
"36979325","70"
"36975065","369"
"36974203","567"
"36969129","1179"
"36967427","3155"
"36963266","39"
"36960782","2302"
"36958649","41"
"36957711","107"
"36947932","965"
"36947183","8"
"36928221","60410"
"36927798","7241"
"36925619","5"
"36923410","49"
"36915111","13"
"36896434","884"
"36893302","7"
"36862521","125"
"36861150","30"
"36847449","942"
"36825718","6"
"36825351","5575"
"36813589","8"
"36799310","19"
"36789897","3005"
"36785785","36"
"36777019","15"
"36776300","6714"
"36766818","11"
"36765306","41"
"36765258","1436"
"36752742","57"
"36750104","9"
"36749563","150"
"36746442","15"
"36726925","253"
"36718662","697"
"36706651","66"
"36700046","112"
"36688431","113"
"36687511","642"
"36681643","3688"
"36675880","141"
"36672807","356"
"36672346","1248"
"36658284","9"
"36637786","14952"
"36635927","14"
"36631189","24"
"36628409","16"
"36611039","15"
"36577819","8"
"36568996","75"
"36568189","154"
"36556290","61"
"36554011","26"
"36548021","76"
"36533697","17"
"36529732","16"
"36528724","399"
"36518461","42"
"36515851","197"
"36512983","554"
"36508701","1592"
"36494271","38"
"36493457","1"
"36489835","72"
"36489419","89707"
"36486570","2599"
"36477607","27"
"36464947","7994"
"36458210","11"
"36440478","399"
"36439266","30"
"36423626","72"
"36414762","4"
"36409241","237"
"36404521","6"
"36401430","49"
"36381627","722"
"36363074","75"
"36362177","18"
"36351261","32"
"36347478","733"
"36346419","4"
"36341477","907"
"36339041","20"
"36329716","4"
"36329112","10"
"36303117","45"
"36282894","6"
"36276698","184"
"36271351","677"
"36263152","215"
"36261149","63"
"36254725","478"
"36253206","2079"
"36248854","72"
"36248655","207"
"36202065","11"
"36192382","564"
"36192136","240"
"36190472","669"
"36166928","10"
"36157809","4"
"36155902","2610"
"36146062","11"
"36140076","82"
"36132777","236"
"36127862","185"
"36123943","13"
"36119482","30"
"36089021","1408"
"36081475","756"
"36073332","8"
"36070455","1482"
"36062010","570"
"36056544","2"
"36009623","2680"
"35999233","23"
"35998361","649"
"35997864","146"
"35968221","732"
"35961159","1364"
"35952841","172"
"35951348","0"
"35939662","81"
"35929895","120"
"35928288","647"
"35914015","184"
"35910376","174"
"35893287","1417"
"35885467","358"
"35877638","150"
"35873083","7"
"35819440","807"
"35818472","53"
"35810633","489"
"35806252","873"
"35804919","3"
"35785350","47"
"35780406","3008"
"35772524","77776"
"35737402","1302"
"35717866","237"
"35717526","3136"
"35699905","613"
"35690734","68"
"35684748","49"
"35684401","194"
"35678610","1175"
"35677732","10"
"35676189","966"
"35671647","19"
"35664890","6"
"35659556","9"
"35641464","4646"
"35639087","141"
"35569540","94"
"35563263","37"
"35549764","16"
"35548589","10"
"35524045","163335"
"35519491","3673"
"35518678","122"
"35510124","154"
"35508625","39"
"35506065","421933"
"35477111","7"
"35456484","140"
"35444949","20"
"35421773","26"
"35400546","17"
"35385111","34"
"35345245","210"
"35342487","5702"
"35317433","52"
"35301798","30"
"35279210","6"
"35275033","46"
"35259311","803"
"35257824","3"
"35250031","1498"
"35247009","13"
"35222842","147"
"35220750","413"
"35211583","21"
"35208369","100"
"35207595","97"
"35205954","22"
"35202215","52"
"35192849","28"
"35185022","90"
"35175383","1413"
"35168469","31"
"35135963","261"
"35113256","1789"
"35110857","296"
"35107944","427"
"35098936","4670"
"35095809","574"
"35077764","73"
"35069921","15"
"35068495","1338"
"35066236","375"
"35042502","1104"
"35018526","33"
"35001959","45"
"34973522","30540"
"34960999","272"
"34960655","1923"
"34958186","892"
"34956003","59"
"34948113","36"
"34946443","138"
"34939647","10"
"34937850","1417"
"34936600","61"
"34929382","4057"
"34912078","1189"
"34887527","33"
"34858154","1357"
"34852517","106"
"34840652","47"
"34814010","3"
"34806521","823"
"34795100","321"
"34768230","26"
"34752023","1208"
"34743620","211"
"34733384","668196"
"34703247","70"
"34695997","140"
"34680319","86"
"34674403","84"
"34643003","35"
"34624251","33"
"34580489","4"
"34558612","11"
"34544069","149"
"34539919","7573"
"34537980","12"
"34527677","302"
"34520145","1303"
"34513998","9673"
"34509522","184"
"34501836","249"
"34499596","17"
"34498056","317"
"34490110","12"
"34482697","660634"
"34468669","1"
"34467034","3467"
"34458256","1316"
"34447891","634"
"34428933","1"
"34385669","88"
"34383932","30351"
"34383731","1287"
"34381608","857"
"34376412","2397"
"34370453","438"
"34363660","1379"
"34362480","23"
"34342026","16"
"34329927","408"
"34318500","54"
"34315337","50"
"34313385","43"
"34308334","34"
"34257650","317"
"34225287","6224"
"34219020","313"
"34198975","225"
"34196952","70"
"34186485","57"
"34168421","556"
"34164567","68"
"34164334","16"
"34124770","2399"
"34122282","391"
"34120459","5331"
"34110414","15"
"34110170","21"
"34108599","37"
"34094848","8"
"34092440","18"
"34044873","4"
"34041162","29"
"34028789","790595"
"34021435","54"
"34006144","44"
"33986629","1068"
"33983414","255"
"33981398","31"
"33974556","185"
"33961259","99"
"33932737","21"
"33918992","275"
"33911017","310"
"33904603","1059"
"33900307","135"
"33881792","216"
"33858530","28"
"33846821","2614"
"33845651","57"
"33845042","2812"
"33834720","35"
"33817327","973"
"33808179","644"
"33801284","54"
"33796318","818320"
"33785791","185"
"33777404","52"
"33764393","23"
"33738747","34"
"33715613","37"
"33714890","88"
"33711787","29"
"33679644","17"
"33669987","7"
"33661945","669"
"33659673","638039"
"33623875","893"
"33620633","28"
"33615672","14"
"33576530","1285"
"33572647","15755"
"33566414","51"
"33563845","39"
"33562667","109"
"33551013","7"
"33541380","43"
"33537505","110"
"33536589","494"
"33524973","8"
"33524614","21742"
"33524274","272"
"33519218","419"
"33513685","62"
"33509719","5034"
"33508302","9"
"33499879","41"
"33494879","23"
"33489575","14290"
"33482515","41"
"33479679","279"
"33470059","3"
"33469269","1012"
"33453668","7373"
"33451408","146"
"33447525","271"
"33441854","48"
"33438563","227"
"33422945","162"
"33413163","226"
"33396028","655"
"33394953","40"
"33394656","26"
"33393036","68"
"33384189","78"
"33361978","29"
"33359502","48"
"33351326","0"
"33351239","38"
"33334293","994"
"33332251","27"
"33331658","2805"
"33324388","1083"
"33323622","51"
"33322583","18"
"33321091","380"
"33320200","4"
"33314788","37"
"33312718","5"
"33307880","8462"
"33295144","17"
"33293744","2746"
"33291754","143"
"33266050","85"
"33263821","8"
"33259501","13214"
"33240519","42"
"33227667","129"
"33227609","38"
"33225491","3"
"33222392","16"
"33201429","13"
"33199587","38"
"33191694","19"
"33187838","90"
"33173635","35"
"33164253","238"
"33162723","109"
"33161002","38"
"33151857","597"
"33132738","8"
"33127217","1506"
"33116531","152"
"33116108","17"
"33112617","11"
"33110164","1096"
"33107426","7"
"33097966","372"
"33094344","12"
"33093807","269"
"33093336","260"
"33084774","143"
"33076180","3152"
"33048725","13"
"33046994","7"
"33043169","288"
"33043027","123"
"33039584","47"
"33037384","28"
"33012026","187"
"33004019","190"
"33003344","176"
"33002133","80"
"32986706","418"
"32985981","52"
"32984554","11"
"32958996","15"
"32936245","582"
"32927111","1089"
"32922986","5"
"32911819","27"
"32890357","1683"
"32880512","16"
"32877796","37"
"32873447","12"
"32839002","46"
"32833418","13"
"32833349","503"
"32804532","45"
"32803912","23"
"32801443","15"
"32792844","861347"
"32760603","67"
"32760454","186"
"32757039","359"
"32713702","51"
"32713552","409"
"32713311","23"
"32706768","59"
"32686156","62"
"32685933","8"
"32685619","283"
"32683368","48"
"32674888","6"
"32674170","577"
"32672704","70"
"32672317","12"
"32668931","13"
"32668151","219015"
"32658499","17"
"32619328","22"
"32611459","48872"
"32599182","44"
"32596387","634"
"32590215","1331"
"32569429","75"
"32562431","17"
"32555229","41"
"32548906","202"
"32541434","43186"
"32536254","5"
"32535029","15"
"32533577","21"
"32531345","21"
"32526042","1700"
"32522546","388835"
"32489771","30"
"32475404","298"
"32460081","333"
"32448292","18"
"32421369","20"
"32413370","170"
"32413213","24426"
"32377890","2854"
"32375430","1197"
"32345116","66"
"32327376","26"
"32312521","100"
"32300895","33"
"32298129","8"
"32295724","39"
"32295432","371"
"32283515","404"
"32270099","149"
"32268203","288"
"32253690","13"
"32231986","47"
"32224120","11"
"32177930","16"
"32177502","23"
"32173627","1492"
"32172010","19763"
"32167558","7375"
"32160010","928"
"32158791","7"
"32127574","13"
"32122079","1714"
"32113732","45"
"32103155","0"
"32102949","61"
"32102839","78"
"32091729","24"
"32086874","43"
"32077398","1004"
"32074393","23"
"32041388","384"
"32037832","1175"
"32032075","419"
"32021754","22"
"32017722","1106"
"31998408","32"
"31997182","1063"
"31971903","23"
"31947593","21"
"31941352","1741"
"31926975","11"
"31902512","1791"
"31865308","29"
"31864874","19"
"31859985","40"
"31859111","346"
"31845665","1418"
"31833848","21"
"31814921","299"
"31809868","115"
"31801455","198"
"31799997","934"
"31799637","42"
"31792103","18"
"31779865","27"
"31776965","18"
"31775972","17"
"31744483","143"
"31728077","20"
"31718381","13"
"31699101","149"
"31671322","92"
"31664693","3194"
"31628290","858"
"31616117","142"
"31608168","62"
"31608142","13"
"31546381","862"
"31500560","647"
"31499687","571894"
"31448167","75"
"31381742","100"
"31369790","149"
"31354919","381"
"31354659","407"
"31318926","7635"
"31307788","1228"
"31279920","11"
"31278561","68"
"31274026","680"
"31249762","35"
"31240606","13896"
"31238993","5347"
"31237502","11"
"31222929","1334"
"31216473","94"
"31208578","4586"
"31208380","9221"
"31200659","6"
"31168328","33"
"31153693","469"
"31152244","6"
"31129672","616"
"31125091","355"
"31116013","12"
"31110422","343"
"31103978","28"
"31095372","19"
"31078808","118"
"31060828","10"
"31060425","3"
"31032002","161"
"31028681","53"
"31017992","15"
"30990112","2663"
"30966831","14968"
"30964984","62"
"30943224","4607"
"30940468","1178"
"30936958","27486"
"30934213","7842"
"30932571","687"
"30918397","35"
"30914230","1549"
"30887196","64227"
"30886350","786"
"30872136","83"
"30867898","7"
"30862802","287"
"30859454","139"
"30853159","707"
"30847314","264"
"30833267","13"
"30830179","990"
"30827225","59"
"30820325","25"
"30813083","5548"
"30810641","35"
"30732709","1039219"
"30721449","344"
"30719549","9"
"30717713","46299"
"30715996","100"
"30706284","213"
"30677014","6"
"30661531","73"
"30634119","97"
"30634008","11"
"30634001","1693"
"30633674","42"
"30625730","23"
"30619162","75"
"30584028","1041"
"30572562","340"
"30564299","6"
"30549253","13"
"30543465","5130"
"30540166","12"
"30534246","47"
"30517355","15676"
"30514088","47"
"30512564","72"
"30511642","201"
"30505347","5"
"30493644","17"
"30464163","297"
"30440050","70"
"30434644","536"
"30434008","511"
"30429552","432"
"30418552","7"
"30403057","914"
"30400046","7030"
"30375197","210"
"30367683","225"
"30363746","573"
"30316787","887"
"30314851","46"
"30305786","3"
"30279013","7"
"30271940","470195"
"30271173","130"
"30269930","160"
"30245511","33"
"30241118","15"
"30239496","46"
"30217822","32"
"30205032","268"
"30197961","1161"
"30175187","27"
"30172788","20"
"30163846","518"
"30156778","69"
"30156429","4"
"30156177","917"
"30155960","8"
"30154532","15"
"30143897","3052"
"30105437","19"
"30091790","14"
"30070574","88"
"30069132","757"
"30065479","46"
"30060199","17"
"30043954","599"
"30042840","4002"
"30042831","709"
"30038700","50"
"30037846","59"
"30035989","9"
"30034438","26"
"30032073","33"
"30028539","54"
"30026164","16618"
"30017971","26"
"30017472","1173"
"30012873","299"
"30011551","34386"
"30009651","63"
"30008314","34"
"30003849","36"
"29991850","67"
"29987540","30"
"29967409","732708"
"29966941","292"
"29964520","1292"
"29963742","1858"
"29957418","13"
"29954292","19"
"29949497","15"
"29946977","960"
"29934633","17"
"29934485","14"
"29911388","23"
"29906721","614"
"29897041","0"
"29878259","44"
"29874238","47"
"29871260","1007"
"29869793","1077"
"29865954","177"
"29851449","2141"
"29846814","1476"
"29837997","13"
"29832431","5"
"29832210","390"
"29814106","317"
"29813193","260"
"29812946","33192"
"29809449","47"
"29806121","37"
"29801357","1029"
"29788942","5941"
"29788717","20"
"29784927","99"
"29779606","13"
"29779568","9"
"29775645","11"
"29772166","2080"
"29761147","9"
"29760031","12"
"29747005","40"
"29742950","246"
"29740043","442"
"29738784","20"
"29730302","34"
"29693254","2267"
"29689760","83"
"29688550","24"
"29665666","778"
"29655694","61"
"29645760","83"
"29645430","218"
"29637591","58"
"29624950","93"
"29617717","1191241"
"29616396","839"
"29610306","2407"
"29607384","10168"
"29597863","399"
"29590294","24"
"29589479","624"
"29580601","2317"
"29573334","817"
"29570803","50"
"29558101","11"
"29551791","115"
"29541186","166"
"29536198","22"
"29535023","18"
"29531852","93"
"29524293","84"
"29518656","19"
"29503960","162"
"29503615","41"
"29485723","213"
"29482085","941"
"29481218","1061"
"29471873","25"
"29465090","406"
"29463700","36"
"29456232","367"
"29456018","187"
"29454528","206"
"29453542","18"
"29449405","53"
"29444495","15"
"29419620","12"
"29413573","453"
"29403362","33"
"29401883","1142"
"29401773","29"
"29398132","327"
"29394419","11"
"29385547","24"
"29380737","114"
"29380289","39"
"29363460","53"
"29355671","124"
"29349366","5"
"29348673","3956"
"29338331","1110"
"29336763","20"
"29336244","192"
"29336082","49"
"29334746","27"
"29332248","48"
"29325832","751"
"29325391","3"
"29317027","54"
"29311581","71"
"29279290","15"
"29272423","42"
"29251421","430"
"29247699","20"
"29244703","10777"
"29241057","4"
"29238465","424"
"29234089","36"
"29227234","997"
"29225678","1021"
"29225200","55"
"29217513","64"
"29215585","61"
"29198037","26"
"29196383","39"
"29191484","1032"
"29191311","16"
"29186623","220"
"29182867","20"
"29178010","188"
"29173582","359"
"29158741","18"
"29137553","17"
"29133327","15"
"29122160","110"
"29121354","30"
"29120017","132"
"29116281","455"
"29115356","108"
"29114526","30"
"29105974","855"
"29100414","51590"
"29096789","38"
"29092069","168"
"29089651","577171"
"29089418","26"
"29051358","56"
"29049860","456122"
"29048359","204"
"29045722","5"
"29036841","41"
"29024039","16"
"29023783","904"
"29023606","27"
"29016625","11087"
"29004359","15"
"28999730","50"
"28994718","156"
"28992852","56"
"28968095","595"
"28964699","0"
"28950843","16"
"28946465","24"
"28943745","27"
"28935008","0"
"28931694","18"
"28930772","32"
"28928836","210"
"28927663","184"
"28921048","137"
"28905008","23"
"28904927","27"
"28897257","341891"
"28890003","11"
"28881358","32"
"28879099","7"
"28872889","2092"
"28870250","97"
"28868726","29"
"28866864","81"
"28866826","121"
"28865767","21"
"28841688","4"
"28835950","11"
"28835740","22"
"28835546","161"
"28830321","14"
"28828712","84115"
"28818551","34"
"28810855","7"
"28796904","374"
"28788135","948"
"28785177","1587"
"28780624","2392"
"28779176","562"
"28777729","21"
"28757211","52"
"28757175","33"
"28757038","47"
"28756989","476"
"28751359","15"
"28750001","117"
"28749718","4"
"28749035","17"
"28747790","14"
"28739472","380"
"28732351","13"
"28723111","22"
"28722704","30"
"28722277","8"
"28711563","16"
"28711458","315"
"28703990","7"
"28700531","693"
"28692501","15"
"28688733","88"
"28683972","285"
"28681848","30"
"28680213","1283"
"28678566","17"
"28676166","16"
"28674945","18"
"28674299","42"
"28671507","6"
"28668323","36"
"28665802","40"
"28662358","171"
"28661602","20"
"28660236","68"
"28650767","303"
"28644573","9"
"28638508","61"
"28612989","297"
"28610591","21"
"28607908","59"
"28604446","24"
"28575224","1854"
"28572596","2754"
"28562934","36"
"28561971","11677"
"28553359","6"
"28552974","36"
"28543731","11"
"28527501","201"
"28526109","135"
"28521564","428"
"28515699","3034"
"28510059","221"
"28508518","57"
"28480057","23"
"28465281","84"
"28437248","673"
"28429468","44"
"28400757","3"
"28400538","16"
"28389568","632"
"28375476","2109"
"28374745","4"
"28373524","1355732"
"28360588","889"
"28356766","34"
"28353442","199"
"28329004","58"
"28328125","200"
"28313910","4"
"28311788","22"
"28301971","466"
"28269126","263"
"28267730","45"
"28240375","45"
"28222115","10488"
"28191807","55"
"28182914","517"
"28177263","1372"
"28162993","166"
"28162785","18"
"28159160","268"
"28144886","8"
"28144628","47"
"28144053","1041"
"28141474","5090"
"28133614","8"
"28132774","19"
"28131041","33"
"28110125","200"
"28102920","540"
"28082851","16"
"28082450","6356"
"28082009","498"
"28059416","30"
"28036849","57"
"28032848","16"
"28009552","11"
"28005571","723"
"28005569","68"
"27977496","61"
"27965967","543090"
"27933966","101"
"27931979","52"
"27930976","19"
"27908124","1116693"
"27906884","402"
"27864200","80"
"27842481","30"
"27821644","7"
"27784768","43"
"27784389","14"
"27776476","147"
"27771452","19388"
"27762815","615"
"27757469","214"
"27737873","540"
"27737102","56"
"27731647","26"
"27713842","32"
"27699731","731"
"27675024","10"
"27669217","18"
"27652428","360785"
"27652007","16"
"27651334","36"
"27650688","319"
"27649181","165"
"27640897","13"
"27640614","17282"
"27631215","529245"
"27631090","16"
"27624671","330"
"27613186","2342"
"27599812","214"
"27595335","3964"
"27584731","91"
"27583355","66"
"27573340","4"
"27547289","40"
"27521240","43366"
"27516164","74"
"27515675","15"
"27510037","1433591"
"27504677","67"
"27496282","91"
"27471366","1771"
"27463213","1160"
"27456555","372"
"27455595","524"
"27455496","51"
"27453020","615"
"27436815","441"
"27417880","62"
"27410230","1462"
"27406721","1073"
"27398069","39"
"27386520","700"
"27386116","351"
"27368610","51"
"27350899","59478"
"27337497","368"
"27333204","319"
"27326913","131"
"27317822","24"
"27301366","7"
"27295630","13"
"27291969","1495"
"27285170","1018"
"27277655","7"
"27260828","88"
"27253569","5931"
"27243028","111"
"27237581","301"
"27229907","39"
"27221522","153"
"27211656","42"
"27179325","821"
"27173397","13"
"27171960","121905"
"27164368","68"
"27158691","222"
"27157791","9"
"27156419","525"
"27132614","420"
"27118046","27"
"27091152","48"
"27085237","599"
"27083195","55"
"27077555","113"
"27076873","161"
"27061506","5964"
"27060014","0"
"27045225","634"
"27034920","393"
"27027213","37"
"27025368","800"
"27022835","3764"
"27005450","59"
"27004831","26"
"27000464","169"
"26991224","458"
"26982027","109"
"26980969","162"
"26960264","90"
"26958296","343"
"26952703","15"
"26950438","81"
"26948771","670"
"26935061","6"
"26934321","30"
"26919423","158"
"26910657","18"
"26904655","55"
"26893655","12"
"26890769","10"
"26889931","77"
"26868293","21"
"26852511","1467"
"26847810","90"
"26836728","32"
"26834402","263"
"26832484","71"
"26829625","1115"
"26823701","320"
"26823465","22"
"26821053","24"
"26818422","653"
"26812363","193"
"26812207","60"
"26811024","224"
"26806568","54"
"26791701","502474"
"26769403","624402"
"26757382","18"
"26755939","44"
"26749977","587"
"26742754","1177"
"26733752","19"
"26730084","2"
"26724605","13"
"26720400","5"
"26707033","2320"
"26706121","2251"
"26703974","341"
"26696116","16"
"26694170","1269950"
"26689385","41"
"26661579","118"
"26659049","1072"
"26652408","1566"
"26645336","16"
"26640144","311"
"26620720","46"
"26591229","197"
"26586678","22283"
"26585949","28"
"26575664","67"
"26569868","114"
"26558133","71"
"26555440","25"
"26543669","1050021"
"26534551","11"
"26530448","30"
"26521709","635"
"26491703","6"
"26488664","129"
"26484498","42"
"26478718","302"
"26475765","966"
"26475516","695615"
"26472905","2415"
"26465881","44646"
"26452859","20"
"26440206","73"
"26437476","533"
"26429694","41965"
"26429154","6"
"26416809","836"
"26413404","68"
"26412993","59"
"26407009","67106"
"26406581","67119"
"26392478","5215"
"26380189","61"
"26361453","15"
"26356245","144"
"26347169","1145"
"26330140","82"
"26325678","17"
"26316826","5"
"26314334","44"
"26286734","43"
"26278914","1159"
"26267368","160"
"26265754","724"
"26247031","44"
"26227372","69"
"26227269","16328"
"26211008","615"
"26208855","16"
"26207361","203"
"26199361","33"
"26198675","27"
"26198214","3917"
"26197905","22"
"26192129","3411"
"26182521","738"
"26172385","32"
"26154237","42"
"26152543","49"
"26145903","85"
"26144694","18"
"26127691","1160"
"26110767","733"
"26103508","9"
"26097689","273"
"26085851","1315"
"26074195","2823"
"26051337","1120"
"26032055","46"
"26028858","9962"
"26021009","11"
"26007610","4"
"26005545","7278"
"26004876","1193"
"25985404","2179"
"25980927","38527"
"25976394","876"
"25963646","636"
"25954935","39"
"25953450","9"
"25953060","1400"
"25944581","1261"
"25937886","671540"
"25934406","54"
"25932783","41"
"25908828","178"
"25905238","103"
"25897239","486"
"25879626","30"
"25878382","1583"
"25853297","140"
"25839442","3"
"25837766","742"
"25824602","2390"
"25824373","86"
"25798102","14"
"25792622","5270"
"25790177","3583"
"25782918","353"
"25778225","277"
"25775602","722404"
"25769754","31"
"25763412","57"
"25727224","8"
"25704901","879"
"25701647","573"
"25695247","6"
"25693773","14228"
"25688149","13"
"25683317","344"
"25678215","20"
"25676322","787010"
"25645780","18"
"25615238","552"
"25602035","38"
"25585813","73185"
"25574420","8"
"25570201","22"
"25561400","1986"
"25560858","80"
"25560697","465"
"25514670","764"
"25485935","27"
"25466645","37"
"25455687","7"
"25444150","125"
"25442534","156"
"25426755","169727"
"25422560","63"
"25376522","29"
"25327700","34"
"25321651","1742"
"25319353","2482"
"25318093","33"
"25314725","1247122"
"25307578","62"
"25278412","240"
"25234550","466"
"25221226","59"
"25212379","54"
"25211775","166"
"25207035","173"
"25189386","622"
"25187433","8"
"25106283","1447069"
"25092208","676"
"25060073","80"
"25059412","218"
"25055631","1366"
"25032129","71"
"25031886","506631"
"25025091","10761"
"25023768","10130"
"25023418","189"
"24983581","243"
"24974109","24"
"24968758","66"
"24945589","933149"
"24944422","6"
"24943140","148"
"24927524","69"
"24872760","96"
"24865657","423"
"24863374","222"
"24845786","1753"
"24845314","2410"
"24837048","11"
"24836501","3208"
"24834681","3491"
"24824849","61"
"24824487","30"
"24822978","28"
"24816674","3688"
"24805385","255"
"24805177","461"
"24759103","283"
"24757501","23"
"24757263","128"
"24720757","516"
"24707319","3984"
"24700762","1353707"
"24653301","5495"
"24621484","10214"
"24617504","35"
"24605234","100"
"24490648","1550"
"24488387","56"
"24486948","155"
"24471157","2149"
"24463701","66"
"24458582","12"
"24447574","360"
"24409507","35"
"24385794","1271139"
"24377842","6887"
"24345030","11426"
"24286958","49"
"24269021","53"
"24251553","374"
"24246740","20"
"24243849","19"
"24234221","7"
"24231862","89"
"24200805","742"
"24181594","1568"
"24171618","4"
"24162524","20"
"24157552","54"
"24147019","1404"
"24127623","19"
"24123294","338"
"24091471","274"
"24088442","5230"
"24077008","1160"
"24065483","1301"
"24059870","82"
"24057755","37"
"24053837","48"
"24000213","1013"
"23934431","90"
"23922423","567"
"23900231","514"
"23895102","15"
"23891077","135"
"23861569","392"
"23854582","230"
"23833221","50"
"23804244","47"
"23797805","263"
"23792523","35"
"23747891","13"
"23741276","16"
"23731530","47"
"23727646","80"
"23715724","638"
"23711817","105"
"23711070","1306"
"23703470","25"
"23689563","292"
"23688184","974"
"23682063","1634"
"23676763","18"
"23666933","9"
"23664527","13"
"23660162","614"
"23654136","36"
"23642527","26"
"23639985","302"
"23632435","491795"
"23623778","5341"
"23612621","125"
"23595967","437365"
"23546475","6299"
"23542089","32"
"23525185","87"
"23519682","909"
"23509728","37"
"23497100","84"
"23490090","397757"
"23490003","30"
"23489734","97"
"23482995","18"
"23451073","2273"
"23444928","2374"
"23423943","78"
"23409658","14"
"23407192","44"
"23402216","777"
"23392798","13"
"23392646","19"
"23363555","18"
"23344140","6"
"23341968","115277"
"23323032","104"
"23320990","55"
"23316498","49"
"23316047","788"
"23306800","631"
"23301426","263"
"23293234","25"
"23289837","39"
"23266533","154"
"23259325","987"
"23257626","100"
"23253511","39"
"23249975","33"
"23246971","16731"
"23233636","862"
"23228172","4325"
"23223710","1667"
"23204953","748340"
"23203890","6"
"23201722","8"
"23186717","1335942"
"23183937","83"
"23178233","72"
"23169592","35"
"23165114","6"
"23140701","75"
"23127365","85"
"23121350","984"
"23121285","28"
"23120623","699"
"23120421","123"
"23111729","77"
"23106324","1674"
"23097527","374"
"23071082","18"
"23064564","1091"
"23062012","2"
"23043223","1321950"
"23038649","102"
"23035371","52"
"23023694","459"
"23014712","5962"
"23003128","23"
"23003019","22"
"22993464","9"
"22978269","1944"
"22975444","878"
"22966552","746"
"22947495","775"
"22927582","2033"
"22926993","5"
"22926286","54"
"22926063","7"
"22922888","44"
"22908363","21844"
"22890647","1248"
"22888611","1953"
"22872764","641"
"22845831","13"
"22833563","42"
"22830109","41"
"22827967","237"
"22796882","1539"
"22796673","465"
"22789707","49"
"22783049","428"
"22779978","33"
"22775793","13"
"22762293","1112976"
"22746361","72"
"22738686","275"
"22737683","15"
"22737031","12"
"22733385","20"
"22724283","11"
"22697841","67"
"22676975","1634"
"22675845","2467"
"22667477","615"
"22665791","6"
"22655240","57403"
"22651910","407"
"22645699","65"
"22616425","22"
"22615854","1070"
"22607755","28"
"22587000","330"
"22582452","941"
"22573110","12"
"22573021","426"
"22571793","60"
"22570808","15"
"22565045","178"
"22561566","42"
"22555708","178392"
"22543794","18115"
"22507448","293655"
"22502319","255"
"22496854","6515"
"22494202","488"
"22488111","11"
"22466289","876"
"22433957","1604"
"22409473","3343"
"22404124","23"
"22395113","6"
"22379312","8"
"22367396","42"
"22350940","26"
"22348341","178"
"22305981","7"
"22303280","18"
"22301643","21"
"22298105","171"
"22290973","1412"
"22290376","40"
"22285570","31"
"22284450","25"
"22281771","6437"
"22274001","2624"
"22266578","2917"
"22257343","7"
"22249908","678"
"22246577","34"
"22238225","479078"
"22235317","5"
"22227390","5"
"22221903","180"
"22221053","97"
"22216747","219"
"22190156","40"
"22184640","427537"
"22176643","1313"
"22174326","21707"
"22162715","17"
"22161024","17"
"22153170","572920"
"22152317","29"
"22144775","177"
"22141771","1910702"
"22138720","66"
"22137535","81"
"22134604","489865"
"22132458","552"
"22130429","415565"
"22124201","2522"
"22121587","5"
"22120765","76"
"22119444","32"
"22113231","405"
"22107667","876"
"22101109","75"
"22099432","129"
"22095766","159"
"22093873","265"
"22076980","164"
"22067339","954061"
"22052702","28"
"22052471","28"
"22028151","17"
"22022316","13"
"22011055","291"
"22000947","439"
"21987740","43"
"21976967","10"
"21967685","970"
"21962501","9264"
"21961492","9"
"21957987","5862"
"21930764","28"
"21930107","300897"
"21904703","2229"
"21897707","156"
"21874967","33"
"21865679","997"
"21857098","161"
"21819528","13"
"21819076","18"
"21816741","15676"
"21807034","45"
"21783057","17199"
"21782860","42"
"21774922","437"
"21768135","77"
"21750188","368"
"21746196","460"
"21742264","62"
"21740466","872"
"21738625","965397"
"21738063","233"
"21734470","737"
"21728826","962"
"21713446","70532"
"21711141","498707"
"21710631","568"
"21706908","557"
"21689485","983"
"21676941","288281"
"21676544","1476"
"21674947","3596"
"21673750","31"
"21666810","78"
"21665831","112"
"21665777","607"
"21665573","135"
"21663292","4"
"21658799","159"
"21654375","961"
"21653576","12"
"21652379","581"
"21652238","1270"
"21646697","50"
"21643403","894028"
"21642551","46"
"21635122","18"
"21627749","249"
"21624746","217"
"21621614","6945"
"21617845","26"
"21613715","12"
"21612448","4861"
"21609808","4983"
"21596759","25"
"21594838","199"
"21594555","126036"
"21593269","525708"
"21592132","141"
"21591833","1245"
"21588315","32"
"21585494","19"
"21583480","170"
"21582665","26"
"21578011","1738487"
"21575099","76"
"21567318","18"
"21564382","2796"
"21563084","24"
"21538563","585426"
"21538271","92"
"21510226","11"
"21509177","190"
"21500537","347"
"21500019","166"
"21498796","1558477"
"21498575","189710"
"21490612","3859"
"21490195","4702"
"21418619","74"
"21393178","57"
"21389315","922"
"21388067","69"
"21384853","2526"
"21382496","100"
"21377727","158"
"21371040","139"
"21370003","1206"
"21366615","98"
"21358732","542760"
"21354192","52"
"21349783","82"
"21338878","216"
"21324802","59"
"21304056","69"
"21303943","33"
"21296492","1117"
"21286668","486"
"21286415","86"
"21285764","19"
"21279547","1908"
"21276346","533"
"21225701","27"
"21224539","374"
"21222073","43"
"21220970","2998"
"21219976","143"
"21219280","107"
"21205776","82"
"21200817","16"
"21184379","43"
"21183770","1666268"
"21132371","23"
"21115335","945"
"21115162","959"
"21093791","667"
"21079827","71"
"21078124","359"
"21072509","4527"
"21072182","126"
"21054789","14"
"21048111","3"
"21031920","337"
"21011349","75"
"20993846","641"
"20972769","2235"
"20968185","50"
"20963365","295"
"20961712","2156"
"20951680","64"
"20943273","2194"
"20933855","88"
"20931144","120"
"20927592","1319"
"20925020","443"
"20922676","1447"
"20921661","71742"
"20917280","785"
"20913618","738"
"20913439","911"
"20900465","323"
"20895477","324"
"20890446","12487"
"20875352","4755"
"20867206","204"
"20865805","94"
"20859676","266"
"20851390","455"
"20815566","165"
"20801675","886"
"20795327","9"
"20793851","154"
"20790076","29"
"20778609","6"
"20765452","106618"
"20743604","70"
"20738880","1329145"
"20692885","997"
"20654800","93608"
"20645767","149"
"20643862","1301117"
"20633401","98"
"20623652","45228"
"20611864","1726"
"20610276","140"
"20609486","5"
"20609013","2803"
"20606901","36"
"20601119","2038"
"20591041","415"
"20587158","1963432"
"20585100","13"
"20582712","213"
"20579238","914"
"20577238","1744497"
"20557343","72"
"20554958","935"
"20533448","622"
"20529839","1041"
"20515628","38"
"20514892","885"
"20504958","10521"
"20500070","1309"
"20495583","605"
"20494909","65"
"20489248","83"
"20477413","488"
"20475216","489"
"20473705","37"
"20470297","27"
"20469391","77"
"20462029","127"
"20459835","381"
"20456909","612425"
"20453778","34"
"20441263","646948"
"20439429","24"
"20432505","18"
"20417026","38"
"20413684","6383"
"20411450","74"
"20405924","3"
"20404634","31"
"20396854","116"
"20395944","6"
"20391839","24"
"20388983","9"
"20366599","325"
"20365714","490"
"20363978","587"
"20347688","38"
"20346039","13"
"20337229","10663"
"20332184","60271"
"20330099","146"
"20324669","400"
"20306649","136"
"20302268","1387"
"20299481","8"
"20284905","627"
"20270648","760"
"20270304","90"
"20233019","79"
"20196133","39051"
"20182290","90028"
"20181388","740"
"20178057","847"
"20160644","608"
"20155666","279"
"20149593","637"
"20136420","59"
"20105612","31"
"20103275","3468"
"20102611","2829"
"20062627","578190"
"20060421","548413"
"20046329","11"
"20039012","145337"
"20037967","8013"
"20025653","340"
"20020732","16760"
"20017702","181"
"20010884","24"
"20004877","1815"
"20002608","619215"
"19991731","307"
"19991078","748016"
"19991030","7"
"19975140","5777"
"19966786","647"
"19949521","234"
"19904832","79"
"19896312","1029"
"19895313","652557"
"19884923","901"
"19871058","294"
"19859953","499633"
"19851494","32"
"19845797","37"
"19830314","30"
"19823956","663"
"19819711","387"
"19811421","4090"
"19803447","434"
"19802491","457428"
"19796557","43"
"19771283","11"
"19758789","955401"
"19731838","286"
"19719706","549"
"19710852","14820"
"19705185","15"
"19695351","273"
"19691190","137"
"19689805","33"
"19672203","20"
"19659307","3095"
"19644451","5110"
"19641002","25"
"19640792","13"
"19639001","26"
"19622842","2"
"19622250","36"
"19621739","74"
"19620952","11"
"19618924","333"
"19618328","47"
"19611865","94"
"19611854","596"
"19611425","1338477"
"19599807","12"
"19595562","179"
"19580422","14"
"19566199","34"
"19550573","20787"
"19541088","121"
"19531205","203"
"19527859","9"
"19523078","307"
"19508078","323"
"19498928","15"
"19486531","329"
"19482597","24"
"19479829","1033769"
"19477822","867"
"19477564","953"
"19467692","975"
"19461624","1970"
"19461296","178928"
"19457414","2659"
"19439074","527"
"19430900","1037"
"19426619","32"
"19404276","1048910"
"19391806","893"
"19387848","1136"
"19383792","16"
"19381801","1868"
"19369689","47"
"19367255","10"
"19365405","1249"
"19362103","216"
"19355954","352"
"19350590","1513"
"19347823","20"
"19347090","10"
"19344339","18"
"19340661","35"
"19338709","2"
"19328804","11"
"19327654","347"
"19323664","17"
"19307750","778"
"19299184","31"
"19289672","30"
"19279236","59"
"19252267","11"
"19251351","386"
"19238430","84"
"19237997","1133"
"19206245","19"
"19202851","77"
"19191127","1308424"
"19185782","60"
"19144958","37"
"19141735","73"
"19113277","34"
"19105180","13"
"19071158","3072"
"19056015","10"
"19055529","10403"
"19047058","2746"
"19045767","519"
"19041014","40"
"18970110","2177"
"18969457","64"
"18964144","2602"
"18941500","6"
"18937755","5187"
"18932835","168"
"18922648","11"
"18911546","25"
"18910973","31"
"18884297","3528"
"18839705","47"
"18837990","149"
"18818485","333"
"18813700","21"
"18812331","1367"
"18808687","17"
"18798614","604"
"18778740","14"
"18769703","139"
"18755671","32"
"18753560","12879"
"18732488","44"
"18721357","225"
"18713975","953"
"18707796","4"
"18706327","25"
"18704894","1184"
"18701241","12"
"18699256","26"
"18691501","291"
"18605664","238"
"18598441","107"
"18550616","34"
"18542266","48"
"18540058","21"
"18536843","9151"
"18519894","827"
"18491788","1823621"
"18435927","857570"
"18420551","39"
"18416000","37"
"18415234","77"
"18401178","164"
"18351085","40"
"18290774","2399"
"18285205","17783"
"18213973","79"
"18212342","19"
"18201208","489"
"18195086","167"
"18188105","1541450"
"18186043","94"
"18163083","71"
"18159773","885"
"18136329","53"
"18121975","32"
"18115945","501"
"18044448","58"
"18023145","4169"
"18017419","32"
"18016623","10368"
"18009997","767"
"18006000","810920"
"17992944","29"
"17976247","253"
"17953329","31"
"17936425","291"
"17914428","632833"
"17912116","25"
"17896222","111"
"17891835","405"
"17862281","98"
"17849883","3596"
"17823393","1722"
"17799436","186"
"17791089","3955"
"17790074","200"
"17727563","1945184"
"17726321","1754"
"17710382","324"
"17704111","448"
"17690400","125"
"17681817","348"
"17674549","6"
"17668003","22"
"17666307","455"
"17645634","34"
"17644962","13"
"17619765","656"
"17619652","177"
"17593420","122920"
"17579416","7"
"17570777","121"
"17569219","104"
"17559503","190"
"17552801","23"
"17546998","7"
"17540998","228"
"17514609","3649"
"17503516","17"
"17502899","2698"
"17492208","64"
"17479993","10"
"17475418","514"
"17445355","13"
"17436988","1077"
"17422910","34"
"17414523","944"
"17370809","877"
"17368613","1121"
"17367339","188"
"17365318","19"
"17315402","22034"
"17305287","70"
"17296122","22"
"17293866","5893"
"17280954","5"
"17261477","25"
"17259820","333"
"17258110","274"
"17224901","62"
"17222543","15"
"17216236","16"
"17212456","184"
"17196781","969"
"17189202","124"
"17188866","23"
"17188464","54"
"17173690","23"
"17173101","395"
"17163836","33"
"17157392","564"
"17155899","254"
"17139603","66"
"17129693","1485"
"17125824","2465"
"17122850","248"
"17116858","27"
"17111673","1236"
"17097515","8"
"17091116","38"
"17084006","21"
"17080573","98"
"17076875","528"
"17076575","1038"
"17069561","1197"
"17068372","7"
"17064166","194"
"17063821","11"
"17056690","8"
"17049143","800"
"17047223","35"
"17044240","37"
"17040410","8"
"17039217","12"
"17035280","3"
"17019974","313"
"17016634","133"
"17016251","453"
"17015810","227"
"16992147","820"
"16950687","1542990"
"16946875","142"
"16939190","21"
"16937598","23"
"16924973","5"
"16920843","12"
"16882849","39"
"16880008","175"
"16862301","44"
"16824398","643"
"16801487","26"
"16783056","175982"
"16775304","1151"
"16773384","176"
"16768344","147"
"16764906","125"
"16746816","70"
"16745769","489"
"16743444","25"
"16738691","4"
"16732518","93"
"16729842","184"
"16724609","11"
"16718465","16"
"16704229","28"
"16681939","1095299"
"16668022","8"
"16653153","618282"
"16642050","971"
"16639252","77"
"16637015","1710196"
"16627444","118335"
"16622914","380"
"16603490","973341"
"16600624","363"
"16594333","47"
"16593490","20"
"16583263","63"
"16562394","180"
"16557761","40293"
"16555476","26858"
"16552834","27"
"16548069","12616"
"16542914","14"
"16538275","2242"
"16528882","21"
"16507273","49"
"16503396","402"
"16486961","20"
"16457478","1644504"
"16455319","10373"
"16416169","157"
"16397986","618"
"16391989","22"
"16391059","259"
"16373603","517"
"16361559","19"
"16353066","46"
"16348328","16"
"16342840","83"
"16329381","61"
"16326218","8"
"16321732","896"
"16310469","388"
"16306238","10"
"16283984","1155"
"16269393","459"
"16266275","61"
"16239348","16"
"16228043","35"
"16219014","7"
"16217318","12"
"16216693","12798"
"16216120","220286"
"16212800","25"
"16196986","1294"
"16196375","1217"
"16195873","24"
"16160332","20"
"16159675","36"
"16152005","46"
"16150173","11"
"16149726","17"
"16148545","7"
"16131605","33"
"16129606","68"
"16128870","787"
"16124863","8"
"16120081","668"
"16116985","29"
"16107844","18"
"16068784","817"
"16041393","4317"
"16031786","229"
"16027627","2107519"
"16014877","195"
"16005801","430376"
"16003890","53"
"16003359","109"
"15994311","329"
"15992893","291"
"15979624","16"
"15978838","18"
"15971941","351450"
"15957530","18"
"15945822","61"
"15933543","110"
"15915331","2073148"
"15894627","1673"
"15887572","2333"
"15871285","1732"
"15870656","48"
"15861052","4309"
"15854132","3349"
"15851341","154"
"15847335","204"
"15846394","629"
"15841589","14"
"15835659","18"
"15835295","104"
"15833531","68"
"15832117","3496"
"15829660","146"
"15828805","29"
"15821893","1311"
"15820792","889"
"15809984","25"
"15769555","5"
"15769095","23"
"15752651","16"
"15751851","8545"
"15745557","7"
"15738783","216"
"15736468","24"
"15731724","352669"
"15728271","39"
"15724221","929"
"15721528","26"
"15712618","65"
"15693888","411"
"15693838","392"
"15690053","43"
"15683892","9"
"15674669","18"
"15672378","5236"
"15651539","2213576"
"15640922","173"
"15627607","19"
"15620668","84"
"15620411","831"
"15610077","191"
"15606734","141"
"15599018","335"
"15593880","1400"
"15590245","12"
"15584848","80"
"15576260","25"
"15564542","40"
"15563702","13"
"15561714","995511"
"15553526","5"
"15543788","54"
"15524450","103"
"15514908","134382"
"15494037","1573"
"15491847","50"
"15489863","173"
"15459011","659"
"15429144","308"
"15423371","187"
"15381907","429"
"15371193","23"
"15368477","2368"
"15367888","6"
"15367254","10"
"15348975","14"
"15344069","32"
"15338109","23366"
"15337973","115"
"15326144","679436"
"15322321","145"
"15322251","143"
"15310539","14"
"15305499","408"
"15285386","19082"
"15284181","5"
"15283319","520"
"15283284","211245"
"15270487","183"
"15268241","14"
"15264305","156"
"15262793","116"
"15260430","37"
"15244975","35"
"15237598","315"
"15232222","3"
"15213437","12"
"15207668","15141"
"15200450","2192965"
"15187445","3328"
"15186414","85006"
"15183701","34677"
"15169524","493"
"15164023","282"
"15148657","1200"
"15146286","721"
"15118247","1362"
"15097077","183"
"15095541","337"
"15092139","72"
"15091966","57"
"15088450","1588"
"15076597","2408466"
"15073366","3"
"15071870","1191"
"15065998","1919"
"15059092","6"
"15044312","61"
"15029848","5"
"15012728","47"
"15012401","1233373"
"15010687","14"
"15007954","1436"
"15004147","414"
"14991754","622"
"14991270","457"
"14981967","455"
"14960697","49"
"14959418","33"
"14948096","18"
"14947879","844836"
"14947719","42"
"14947667","432"
"14941697","11"
"14934242","1974824"
"14929707","31"
"14916995","1075"
"14916847","1324"
"14916421","9"
"14910034","346"
"14906776","212"
"14900016","110"
"14890550","66"
"14887971","18"
"14882573","833"
"14876228","372"
"14859960","260"
"14856281","643"
"14851532","78"
"14844580","6682"
"14840236","771"
"14826348","20"
"14818866","452"
"14795595","122"
"14793083","6"
"14791144","29"
"14790407","144"
"14781875","886"
"14779685","57"
"14777522","13"
"14766777","408"
"14764786","12"
"14760708","33"
"14759932","255"
"14757648","54"
"14757043","18"
"14755664","6"
"14751914","29"
"14747939","1306"
"14741219","987"
"14740866","8"
"14739903","337"
"14731592","232"
"14731554","8846"
"14723291","340"
"14707651","242"
"14699794","2051155"
"14679885","26"
"14674033","84"
"14669664","8"
"14668458","575"
"14667164","32"
"14665663","8"
"14661411","30"
"14658341","59"
"14657808","38"
"14646615","94"
"14642292","80"
"14639275","68"
"14639244","69"
"14639109","79"
"14632870","26"
"14629642","18"
"14624284","5"
"14621559","659"
"14620707","35"
"14616380","72"
"14606489","52"
"14602422","87"
"14598709","40"
"14593919","327"
"14579039","20"
"14575270","10"
"14566142","4"
"14564341","136"
"14555342","1702"
"14554620","19"
"14546671","875"
"14544549","8"
"14543193","1394837"
"14540660","1046540"
"14539899","202"
"14532160","995"
"14513152","7"
"14486747","17"
"14460786","112"
"14454981","3190"
"14454415","183"
"14454002","52"
"14453444","89"
"14451320","229"
"14449849","40768"
"14448307","25"
"14440719","18"
"14440531","26"
"14431257","468"
"14428420","22"
"14428189","24"
"14425762","244048"
"14424602","13"
"14421115","46"
"14419750","22"
"14415278","69"
"14410953","1930"
"14410213","307741"
"14385190","49"
"14383500","559524"
"14381198","6"
"14364145","730"
"14363050","560373"
"14362953","19"
"14355509","115"
"14344623","2369"
"14343379","50"
"14328600","12"
"14293523","596"
"14291326","688671"
"14289069","2091"
"14266731","773"
"14251431","303"
"14243675","17"
"14234868","27"
"14187054","44"
"14181145","57"
"14149283","3752"
"14134116","9075"
"14125092","1251"
"14103392","3884"
"14086470","685"
"14082709","1764"
"14081799","343"
"14077535","7"
"14076006","8"
"14057612","64"
"14053647","118"
"14050401","127"
"14046392","2312358"
"14045154","45"
"14034543","2133"
"14024497","11"
"14014866","568"
"14001569","35"
"13991359","42"
"13990499","123"
"13986717","102"
"13977290","141"
"13962811","546"
"13958557","502"
"13956783","1028"
"13937717","24"
"13933782","37"
"13926073","328"
"13921998","83054"
"13907231","332"
"13905131","25"
"13897866","2390"
"13894357","117"
"13886957","27985"
"13871308","517"
"13862282","44"
"13850380","18"
"13849840","710"
"13848706","50"
"13844151","30"
"13832016","77"
"13831447","784"
"13829393","5"
"13828221","476189"
"13811583","65"
"13798358","340"
"13795785","2380052"
"13783338","49"
"13783307","87528"
"13781693","1380"
"13728692","16"
"13708701","90376"
"13705859","84"
"13702603","2"
"13700780","15"
"13694140","8"
"13688004","43"
"13686223","38"
"13683043","1246"
"13651889","32"
"13649876","12"
"13612247","768"
"13590307","438"
"13588213","57"
"13584629","820884"
"13557709","43"
"13538985","1006"
"13535149","1543"
"13532989","2"
"13532802","3163"
"13525580","61"
"13519850","1064"
"13516146","66"
"13513435","119"
"13508820","57"
"13506800","38"
"13478758","169830"
"13440741","1184"
"13410159","35"
"13404208","541"
"13399960","1158"
"13386652","6"
"13372457","290"
"13350459","860"
"13339544","189"
"13326516","1589"
"13304044","82"
"13302697","1056"
"13299235","24"
"13280224","116"
"13278457","13"
"13262057","1801"
"13233943","2507"
"13225070","75"
"13203089","3727"
"13187983","391"
"13156167","19"
"13146128","434"
"13130843","16"
"13126914","1541"
"13126405","70"
"13124458","32"
"13111913","9"
"13100503","22"
"13099672","28"
"13096644","522"
"13086504","19"
"13084312","2255143"
"13083209","45"
"13052648","320"
"13034806","111994"
"13027937","17"
"13013746","58"
"13003223","690"
"13002551","951"
"12996668","2915"
"12995044","225"
"12994177","397957"
"12991674","21"
"12981971","809"
"12965464","531"
"12965430","526"
"12937198","5"
"12937082","1048"
"12888619","183"
"12885960","1178633"
"12884123","1569"
"12878152","8"
"12862239","22"
"12852864","734"
"12849968","981"
"12818056","71"
"12798723","22"
"12791786","1823"
"12771674","29"
"12737187","12948"
"12717690","1317"
"12695347","11"
"12682540","12"
"12656461","2410"
"12631427","1915"
"12627936","337"
"12627308","2406"
"12627211","6"
"12612493","422"
"12610373","7"
"12610350","500"
"12559342","16"
"12549411","3275"
"12540462","644743"
"12513366","73"
"12503419","155181"
"12499057","273"
"12487851","21"
"12482096","173"
"12478575","249223"
"12467734","806"
"12466841","10"
"12443361","18275"
"12437792","57971"
"12437550","44"
"12393134","36"
"12380804","228"
"12368953","1229"
"12359820","1271"
"12350982","12"
"12343367","166239"
"12341767","7413"
"12341240","5"
"12334058","1095056"
"12333797","90712"
"12331538","22"
"12324054","245"
"12288628","4940"
"12222880","2036"
"12185343","12"
"12181474","30"
"12160390","814974"
"12151368","193448"
"12129300","381"
"12113154","4371"
"12075225","60"
"12062094","1506"
"12012585","186"
"11978077","16953"
"11977009","5793"
"11976700","101"
"11958988","1177"
"11921779","1513895"
"11878385","47"
"11875898","6475"
"11873116","1001"
"11871195","1524818"
"11866324","87"
"11856133","50"
"11830547","24"
"11821084","475"
"11820461","10707"
"11806323","374796"
"11805995","25"
"11803755","860"
"11795404","2782"
"11788372","12598"
"11770567","29"
"11762774","1472"
"11757239","2207"
"11754303","365"
"11736470","8"
"11732654","209"
"11696626","1097"
"11667357","44"
"11662073","6140"
"11659878","744"
"11656501","937"
"11624953","5"
"11624174","422"
"11607020","41"
"11581920","2255"
"11542446","7620"
"11535186","42"
"11533190","9242"
"11516609","692"
"11515240","302"
"11514626","2722600"
"11494912","226474"
"11494533","518537"
"11493235","492"
"11492246","37"
"11452791","36252"
"11400594","156561"
"11398528","45064"
"11395932","8540"
"11388104","360"
"11381121","57"
"11380832","120"
"11380098","265"
"11353610","6"
"11322163","708"
"11321829","11044"
"11303327","17"
"11295544","468"
"11283544","982"
"11279644","1600"
"11276985","709701"
"11248062","4477"
"11222299","11"
"11213355","68"
"11193783","436366"
"11178014","67"
"11177125","131"
"11168532","2836"
"11168042","15"
"11150573","21"
"11148507","9"
"11144107","267"
"11143415","0"
"11112399","869050"
"11105053","291"
"11099758","21"
"11095770","60"
"11081501","59"
"11028969","264"
"10988442","1752280"
"10964851","1243"
"10929228","1384"
"10908444","3084"
"10907261","4"
"10899544","286"
"10893521","6091"
"10874015","1132906"
"10807428","203"
"10801437","28"
"10799582","148"
"10789601","2133136"
"10779283","172"
"10773345","48"
"10769001","2544"
"10709992","17305"
"10669217","575"
"10667329","140"
"10666913","967"
"10622538","111"
"10598823","4937"
"10588382","63"
"10583556","4"
"10580420","1521492"
"10578339","444"
"10568493","552"
"10542079","786"
"10519390","29"
"10515254","345"
"10515033","464064"
"10506728","627"
"10498456","69"
"10487521","741"
"10481910","522"
"10471290","189"
"10467974","192"
"10459363","1963171"
"10458672","10"
"10447809","102"
"10442137","14"
"10441330","625"
"10435572","1131"
"10422985","121"
"10413930","7919"
"10407618","2049"
"10406493","1851"
"10404588","412790"
"10397737","1200"
"10369546","4876"
"10365606","2399"
"10337965","116"
"10326552","39"
"10311427","26"
"10310220","31"
"10309095","12"
"10307557","9"
"10306733","12"
"10286207","18"
"10283350","546"
"10275091","1728"
"10272115","22"
"10271711","23"
"10270981","50"
"10261485","259"
"10261093","10"
"10258743","23"
"10244653","518"
"10241383","767"
"10240184","31"
"10239238","349"
"10222584","103"
"10220292","325"
"10217840","84"
"10211326","433"
"10210269","21"
"10193775","89"
"10191093","1862872"
"10186830","293"
"10182677","2064"
"10131779","1578"
"10112304","34"
"10109636","1158"
"10094994","27"
"10085243","816"
"10083362","6622"
"10068713","1754994"
"10066886","10"
"10062253","334"
"10055930","889005"
"10052230","12"
"10026597","14"
"10019645","942"
"10018007","20"
"10009427","50"
"10008552","171"
"10002471","28"
"9999349","2289"
"9997822","25"
"9986465","44365"
"9986310","6"
"9981708","47"
"9969778","298859"
"9934655","16"
"9930782","5"
"9914219","10"
"9913611","2002"
"9901843","45"
"9899870","6"
"9898048","14"
"9897358","487503"
"9879843","21"
"9879287","19"
"9863036","2894478"
"9856995","345"
"9854331","5"
"9851358","83"
"9848973","76775"
"9846593","18"
"9843827","1519"
"9843378","3293"
"9833905","10"
"9804411","1188"
"9798282","1118"
"9795545","2237"
"9795504","2895547"
"9792006","1072"
"9778595","125"
"9776245","822"
"9774671","757"
"9773396","25"
"9769125","141"
"9760580","63"
"9745037","1031"
"9735848","68"
"9733911","83"
"9728494","813"
"9727373","71"
"9713678","6711"
"9703534","1183"
"9653374","717"
"9647307","91"
"9643290","87"
"9642445","4"
"9631039","36720"
"9627108","504"
"9590373","13"
"9562195","1687"
"9556940","96"
"9555686","115"
"9545816","14355"
"9531130","84"
"9512513","5639"
"9506789","8"
"9498746","583005"
"9487233","1075"
"9472371","706"
"9471585","12"
"9463087","19"
"9458859","727"
"9458512","615"
"9434050","190"
"9426560","3753"
"9418253","27"
"9395952","358"
"9379626","572"
"9375953","113"
"9372094","354"
"9367181","8619"
"9358553","718920"
"9355565","15"
"9325888","154"
"9323489","193"
"9323036","2674614"
"9322324","572"
"9321864","330"
"9309708","113"
"9306327","316"
"9295298","449"
"9287760","300"
"9287057","864"
"9283495","160"
"9272566","939310"
"9272454","944"
"9253097","2310"
"9250544","4"
"9247566","13"
"9245456","2479"
"9222766","6869"
"9191718","1787335"
"9190352","2625482"
"9178730","655"
"9166489","108"
"9147160","24"
"9143904","308"
"9134929","2645733"
"9128051","10"
"9123080","16280"
"9122503","2181"
"9117133","26"
"9101829","1041"
"9086336","190"
"9085469","12"
"9082514","13"
"9077305","41"
"9067403","21357"
"9061421","641"
"9058849","1732"
"9058598","731"
"9058035","38"
"9057876","33"
"9055402","117"
"9054613","8"
"9053721","645"
"9045910","1817"
"9043178","30960"
"9041833","67"
"9037833","1643477"
"9037763","183"
"8999557","854"
"8986010","38"
"8984661","407"
"8978300","38"
"8972578","160"
"8968997","726"
"8968171","56"
"8967348","316"
"8962895","24"
"8962787","781"
"8962747","6"
"8953495","10"
"8945213","23"
"8931291","6"
"8931064","9"
"8928970","49"
"8926431","70"
"8923896","108"
"8912522","336"
"8904512","546"
"8891679","8"
"8887373","687"
"8883422","1056"
"8880227","1215"
"8874896","2702"
"8871951","45"
"8869678","65"
"8864173","245"
"8853259","1327"
"8850604","2217"
"8846185","212"
"8818440","311"
"8801316","330"
"8774620","495"
"8738265","54061"
"8728830","442"
"8715044","3"
"8698530","64896"
"8697530","27"
"8697469","240"
"8697208","1587556"
"8696770","707477"
"8696016","641"
"8694976","56963"
"8684018","71"
"8679245","864"
"8678948","2088"
"8663869","279"
"8660666","193"
"8659986","270"
"8654644","555"
"8651331","147"
"8641034","356"
"8635197","93"
"8630599","132378"
"8622979","449"
"8601694","30"
"8598877","301"
"8596402","14"
"8564025","288"
"8553623","43"
"8552589","12"
"8526482","2938"
"8517534","100813"
"8516295","1958"
"8516074","299"
"8515222","29"
"8499897","433"
"8482624","767"
"8482113","1229"
"8462209","1015"
"8428518","352"
"8422586","703"
"8411401","1"
"8398607","68"
"8398072","61"
"8382232","1131"
"8381126","1109"
"8380165","8"
"8373711","8"
"8373460","1831374"
"8360007","1080"
"8358958","5693"
"8349600","552"
"8348377","4"
"8326926","4800"
"8301367","1053"
"8299037","85"
"8291199","562"
"8286735","3006"
"8286480","1258942"
"8286001","329"
"8272425","27"
"8265309","4008"
"8221393","58"
"8195412","1912"
"8192826","8"
"8153350","18574"
"8130776","5466"
"8119223","2026376"
"8115221","140807"
"8113742","12"
"8113234","73"
"8108237","11"
"8101924","9065"
"8101735","20"
"8090490","133"
"8089023","75"
"8088478","55"
"8078345","145809"
"8075925","20"
"8070511","839647"
"8064213","148"
"8059657","536"
"8046855","633158"
"8024621","10"
"8017172","2174265"
"8009340","1562"
"7982144","37"
"7975368","295"
"7949895","30"
"7942630","1244876"
"7942214","1776"
"7918438","119"
"7883023","1143"
"7868424","7"
"7861891","491"
"7855798","221"
"7843714","448"
"7832923","460"
"7788600","1031421"
"7775075","11"
"7747065","631"
"7724237","442907"
"7714354","86"
"7711255","725833"
"7703611","5012"
"7694699","10613"
"7692239","1247"
"7690311","20401"
"7680499","112"
"7655142","55"
"7640152","738"
"7629412","18241"
"7628294","2"
"7628063","117453"
"7623883","1939"
"7613560","43180"
"7611547","24"
"7611064","4"
"7605900","67"
"7605461","122"
"7604284","1795248"
"7604201","1200"
"7601474","1692"
"7599472","232"
"7592451","225"
"7582388","1385612"
"7579135","47"
"7578762","29"
"7574231","30"
"7571157","2116896"
"7566548","2385966"
"7556912","2364"
"7550200","335"
"7538777","225"
"7538584","8794"
"7536633","2356006"
"7524487","240"
"7518752","1819"
"7505261","86"
"7493562","364"
"7488087","141"
"7469402","215963"
"7469182","1344825"
"7462674","30"
"7457824","1440"
"7442449","36"
"7438373","476"
"7431760","2"
"7414813","82016"
"7382140","2138235"
"7382002","2156824"
"7380755","732"
"7380305","699275"
"7375866","17"
"7369615","767"
"7367655","256"
"7316469","107"
"7294842","4162"
"7294577","135"
"7293197","35128"
"7274960","768"
"7261248","294"
"7243780","1617"
"7226370","95"
"7225504","2783179"
"7219438","1363618"
"7207293","1148"
"7200427","142"
"7189866","86027"
"7154650","187150"
"7125823","35638"
"7114036","11"
"7060594","662"
"6989780","12499"
"6982849","11"
"6907435","99"
"6881652","2954217"
"6877419","108"
"6874132","3101009"
"6860407","17"
"6857139","3543"
"6840144","19"
"6834018","92"
"6809884","1400"
"6808187","11"
"6801815","12"
"6801631","33"
"6784928","7583"
"6775208","289"
"6770247","50"
"6763001","2894"
"6759419","820"
"6757509","371"
"6754390","675"
"6751334","45"
"6751158","836106"
"6749956","25"
"6739902","780"
"6733779","28"
"6733145","50"
"6732524","242"
"6730752","212644"
"6730629","81"
"6725103","124"
"6686432","132"
"6676271","679"
"6670111","2202"
"6652178","273"
"6643434","966"
"6605404","21646"
"6593616","7709"
"6589959","1285"
"6588500","1419437"
"6585098","1138"
"6572306","6"
"6571945","35"
"6563579","65"
"6563296","77"
"6557752","87"
"6553310","661"
"6552874","60"
"6524375","2860"
"6522360","2157"
"6518436","51"
"6511839","262"
"6499002","48"
"6496326","867790"
"6496052","329"
"6480388","991"
"6478467","4"
"6448245","397"
"6424751","223"
"6421305","48"
"6397571","35"
"6396738","38953"
"6391959","207"
"6390665","5145"
"6390631","80"
"6388986","1678"
"6388803","38"
"6379205","29"
"6379031","96"
"6377772","1614"
"6359845","1344"
"6358623","33"
"6355964","9247"
"6354964","26"
"6353988","52"
"6350764","52017"
"6346924","944"
"6326190","18"
"6285493","37"
"6250421","14"
"6230396","303"
"6223455","3347"
"6223081","386799"
"6221443","448"
"6218990","406"
"6198379","85"
"6158596","15"
"6150551","26"
"6110929","18608"
"6091315","30115"
"6051343","904"
"6043926","1264"
"6031697","27"
"6023797","1463"
"6021176","849"
"6005176","935"
"6005103","124812"
"6004000","3659"
"6001217","2945"
"6000203","64"
"5997881","1610"
"5993365","387"
"5985215","1719959"
"5981620","241"
"5956317","544147"
"5938798","1278"
"5923788","54"
"5917190","477"
"5909996","246"
"5905362","524525"
"5900813","22"
"5894915","232"
"5894005","77"
"5883558","54"
"5850392","1070"
"5843773","353"
"5842490","1891279"
"5840292","93"
"5810163","640"
"5797857","601"
"5793702","13"
"5791620","74"
"5783419","136"
"5782932","21"
"5774934","3200542"
"5767694","384"
"5761130","39"
"5744833","46"
"5714350","8"
"5695055","985"
"5688658","29"
"5659201","32"
"5653739","2979515"
"5652188","1240"
"5634083","3174"
"5615778","374"
"5609813","47"
"5603013","37812"
"5584984","392"
"5575522","2465887"
"5544879","43"
"5543041","5"
"5529600","2980"
"5516815","59"
"5514144","289"
"5493712","96"
"5471545","15"
"5466274","2924"
"5465786","4"
"5454635","943008"
"5451030","18398"
"5447217","1062338"
"5438463","346"
"5433008","5"
"5397785","6051"
"5384429","33"
"5370759","140"
"5363597","1256"
"5353555","1244"
"5338805","71"
"5336302","1784"
"5327797","422"
"5323453","183"
"5321452","36"
"5320807","7"
"5317982","1475"
"5314662","43"
"5300017","21283"
"5267633","337"
"5250600","386"
"5236086","1082"
"5232986","1167"
"5210741","43"
"5209350","503"
"5195500","7"
"5191151","1834"
"5176801","437"
"5134718","4"
"5131954","337"
"5119230","70"
"5104406","10827"
"5088527","2642651"
"5061585","1727651"
"5054852","522337"
"5053537","116"
"5047633","22"
"5030571","1380"
"5029122","190"
"5024511","2180"
"5020526","12"
"5019578","1715"
"5004293","1620945"
"4997661","303618"
"4995485","196"
"4988237","494"
"4966552","474"
"4933975","17"
"4933729","954"
"4926809","34"
"4916640","383937"
"4914791","1082"
"4896297","12924"
"4880360","36"
"4851542","917014"
"4840449","1296"
"4839252","45"
"4829597","106"
"4827990","292"
"4824657","2715"
"4805266","804"
"4801431","391"
"4777744","882"
"4776065","35"
"4770660","26"
"4770539","30"
"4750741","46"
"4750087","59"
"4744204","6"
"4743596","213"
"4712296","525"
"4709462","2309"
"4709266","1696"
"4708895","7859"
"4695930","37"
"4688949","21690"
"4683639","79"
"4678829","533"
"4658877","192162"
"4653914","335"
"4647063","26038"
"4642704","254336"
"4636675","38"
"4621454","152"
"4605091","569"
"4599587","3318346"
"4583436","375"
"4549636","24"
"4535255","12618"
"4511472","79"
"4506927","26"
"4506353","16"
"4486496","303"
"4485073","43"
"4482530","2778"
"4479862","57"
"4479580","129"
"4475442","47"
"4473163","12"
"4456926","486"
"4453853","617804"
"4443351","74"
"4424532","972"
"4399837","23482"
"4372709","125"
"4354113","102"
"4350361","79"
"4346901","115"
"4336669","85"
"4320543","171"
"4312852","312"
"4308137","27123"
"4307515","7"
"4303130","23"
"4300885","649882"
"4300538","768"
"4299170","5"
"4299102","5"
"4294732","5"
"4294363","49"
"4292575","29"
"4284846","24"
"4282377","150"
"4276131","196"
"4258164","2"
"4242677","2028"
"4242263","653952"
"4239121","72"
"4239045","353"
"4214058","700"
"4213525","344"
"4200393","28"
"4189514","209"
"4187404","274"
"4169518","13"
"4168408","466"
"4152739","498"
"4134855","2770"
"4130048","2127"
"4121790","5879"
"4111477","3587"
"4106197","225"
"4096566","169"
"4081886","161"
"4076177","413"
"4064616","27243"
"4063039","1852"
"4059978","4"
"4051933","392"
"4042941","3292"
"4042465","368"
"4041944","25"
"4036220","54"
"4031950","168"
"4026009","4"
"4024586","268070"
"4013654","2787"
"4013363","121"
"3997895","37"
"3989776","7"
"3984579","16"
"3982731","486"
"3972557","8"
"3971522","4"
"3969321","223"
"3966925","2101"
"3966902","91"
"3966086","623"
"3956195","740"
"3945011","1288814"
"3940345","39"
"3913763","791"
"3889117","8583"
"3878527","226"
"3848897","702"
"3803800","8"
"3786338","36"
"3773985","2345269"
"3751596","370"
"3722233","11447"
"3716413","450"
"3702505","272672"
"3697070","853062"
"3693242","3722"
"3660957","419012"
"3658516","18620"
"3650674","218"
"3614894","14"
"3605196","3480"
"3592741","11"
"3537858","14"
"3537825","2555"
"3494668","1377588"
"3478623","324"
"3454524","208474"
"3437841","34"
"3416224","17"
"3407401","176"
"3399956","898738"
"3381741","161778"
"3364889","17"
"3358683","138"
"3327586","1105"
"3316407","373"
"3307936","834"
"3289958","1410"
"3256979","1779"
"3245062","2906151"
"3242404","500"
"3238509","186192"
"3223952","224"
"3221067","2738834"
"3213349","10"
"3202065","622207"
"3183020","40"
"3159137","10512"
"3150638","80"
"3144605","3501990"
"3119290","30586"
"3098597","938"
"3073800","1058"
"3072946","440031"
"3055214","12"
"3042954","3825729"
"3042583","13"
"3037477","6"
"3033311","5"
"3033190","5"
"3032867","1925"
"3026123","11"
"3015121","2978440"
"2981982","154053"
"2971260","52623"
"2954521","513"
"2917570","68"
"2907971","11777"
"2906064","97"
"2901837","17420"
"2847399","767272"
"2844047","29741"
"2818549","1386"
"2814285","713"
"2807629","1963059"
"2807021","570"
"2802900","2903416"
"2776743","6"
"2769846","40"
"2756489","1498363"
"2740849","284"
"2734629","38"
"2710233","3091430"
"2702667","3261"
"2690455","418"
"2672577","274"
"2642993","208"
"2641279","8"
"2638716","23"
"2638664","1694419"
"2619412","22"
"2529580","475"
"2507770","259656"
"2483747","299752"
"2466149","102"
"2445910","31"
"2440472","3453"
"2396456","47"
"2388959","82"
"2382908","891534"
"2378947","983881"
"2374136","818"
"2370240","525"
"2357736","444"
"2347240","1531232"
"2347203","88"
"2342285","1396"
"2302493","114480"
"2268885","3177459"
"2236196","616"
"2214970","3146117"
"2213542","1175961"
"2209532","4231"
"2030863","3778065"
"2023173","8261"
"2019549","1159655"
"2006873","1089"
"1998757","155"
"1993137","2913"
"1986374","959248"
"1973556","346"
"1952695","1597206"
"1939886","297195"
"1936534","141"
"1933101","319206"
"1925076","3222909"
"1924367","1569167"
"1916433","5746"
"1857771","2270"
"1849245","1122990"
"1844371","1270801"
"1839340","1229611"
"1833972","7"
"1826649","4"
"1813020","4261"
"1793516","6134"
"1777720","1775"
"1773896","639714"
"1746743","3020008"
"1738758","55"
"1717386","515"
"1694445","295"
"1673547","84"
"1667232","41728"
"1662853","497628"
"1661063","46"
"1659172","27"
"1645775","3019633"
"1631968","287"
"1628971","790"
"1613793","2"
"1604270","121"
"1591175","1287309"
"1586423","258"
"1584758","3568666"
"1584247","4353"
"1575193","151"
"1572770","335629"
"1570362","97"
"1556098","753"
"1552888","2470"
"1548955","692"
"1537693","2785340"
"1514897","29787"
"1507496","964"
"1495756","3110924"
"1483536","583988"
"1481107","2732"
"1478044","782164"
"1475741","1162602"
"1475090","886025"
"1474956","4"
"1467898","10975"
"1467833","1477319"
"1457375","2155"
"1452218","952"
"1451633","42"
"1451331","123"
"1446177","86"
"1428943","176651"
"1428743","77"
"1424921","45"
"1424917","513499"
"1419358","26"
"1418738","3684"
"1416008","43"
"1412668","1990970"
"1403641","68562"
"1397103","11"
"1393233","45"
"1384103","31"
"1350771","41"
"1347961","80"
"1310114","38420"
"1302272","3578"
"1287318","89963"
"1208887","127657"
"1094866","805339"
"1072992","1828"
"1055999","33262"
"1049894","156"
"963382","6554"
"960298","235"
"956961","111125"
"940984","14356"
"937497","329"
"931496","1427890"
"900585","832591"
"832569","30880"
"822752","850406"
"817949","31"
"815949","135"
"747752","730"
"721062","37"
"699689","87"
"669641","881567"
"667180","3507789"
"664330","1000159"
"651599","10634"
"640510","10"
"635008","11"
"633200","3622483"
"628712","482529"
"625946","27537"
"622838","330"
"612886","1944608"
"600637","11128"
"578192","2200646"
"535481","1378"
"533808","195237"
"524616","171"
"520033","4342"
"512157","180"
"501872","307"
"501731","9614"
"478546","321"
"430771","613"
"405995","5132"
"329911","137"
"307499","44036"
"269560","260261"
"257605","2942"
"243864","3885935"
"235493","71"
"234941","407626"
"215770","1191658"
"199918","4465914"
"193292","14198"
"179492","762169"
"145880","4646250"
"145056","758"
"118935","2068239"
"66819","348"
"47309","579"
"36260","1821705"
"24516","1640088"
"15187","3906525"