Id,AnswerCount
"15187","6"
"24516","2"
"36260","3"
"47309","2"
"66819","4"
"118935","11"
"145056","3"
"145880","4"
"179492","5"
"193292","4"
"199918","9"
"215770","3"
"234941","1"
"235493","1"
"243864","7"
"257605","2"
"269560","4"
"307499","2"
"329911","2"
"405995","2"
"430771","3"
"478546","2"
"501731","2"
"501872","3"
"512157","2"
"520033","3"
"524616","2"
"533808","2"
"535481","2"
"578192","3"
"600637","2"
"612886","4"
"622838","1"
"625946","3"
"628712","3"
"633200","3"
"635008","1"
"640510","1"
"651599","2"
"664330","3"
"667180","3"
"669641","5"
"699689","3"
"721062","1"
"747752","3"
"815949","1"
"817949","1"
"822752","8"
"832569","5"
"900585","6"
"931496","2"
"937497","2"
"940984","8"
"956961","2"
"960298","1"
"963382","2"
"1049894","3"
"1055999","16"
"1072992","1"
"1094866","2"
"1208887","2"
"1287318","2"
"1302272","3"
"1310114","4"
"1347961","2"
"1350771","1"
"1384103","2"
"1393233","1"
"1397103","1"
"1403641","2"
"1412668","5"
"1416008","7"
"1418738","3"
"1419358","1"
"1424917","3"
"1424921","1"
"1428743","2"
"1428943","4"
"1446177","1"
"1451331","3"
"1451633","3"
"1452218","2"
"1457375","2"
"1467833","4"
"1467898","18"
"1474956","1"
"1475090","4"
"1475741","4"
"1478044","4"
"1481107","2"
"1483536","7"
"1495756","2"
"1507496","3"
"1514897","4"
"1537693","4"
"1548955","1"
"1552888","3"
"1556098","3"
"1570362","2"
"1572770","4"
"1575193","1"
"1584247","3"
"1584758","5"
"1586423","5"
"1591175","3"
"1604270","3"
"1613793","2"
"1628971","3"
"1631968","4"
"1645775","4"
"1659172","1"
"1661063","1"
"1662853","4"
"1667232","3"
"1673547","1"
"1694445","2"
"1717386","1"
"1738758","3"
"1746743","4"
"1773896","4"
"1777720","3"
"1793516","9"
"1813020","2"
"1826649","2"
"1833972","1"
"1839340","3"
"1844371","3"
"1849245","4"
"1857771","1"
"1916433","2"
"1924367","9"
"1925076","4"
"1933101","3"
"1936534","2"
"1939886","3"
"1952695","7"
"1973556","2"
"1986374","4"
"1993137","2"
"1998757","2"
"2006873","5"
"2019549","7"
"2023173","3"
"2030863","17"
"2209532","2"
"2213542","4"
"2214970","5"
"2236196","1"
"2268885","10"
"2302493","5"
"2342285","3"
"2347203","2"
"2347240","5"
"2357736","3"
"2370240","3"
"2374136","1"
"2378947","5"
"2382908","5"
"2388959","2"
"2396456","1"
"2440472","1"
"2445910","1"
"2466149","2"
"2483747","2"
"2507770","2"
"2529580","2"
"2619412","1"
"2638664","4"
"2638716","1"
"2641279","1"
"2642993","2"
"2672577","1"
"2690455","5"
"2702667","5"
"2710233","4"
"2734629","1"
"2740849","3"
"2756489","4"
"2769846","4"
"2776743","1"
"2802900","3"
"2807021","3"
"2807629","5"
"2814285","1"
"2818549","2"
"2844047","6"
"2847399","3"
"2901837","3"
"2906064","7"
"2907971","7"
"2917570","2"
"2954521","1"
"2971260","4"
"2981982","3"
"3015121","3"
"3026123","1"
"3032867","3"
"3033190","1"
"3033311","1"
"3037477","1"
"3042583","2"
"3042954","3"
"3055214","1"
"3072946","4"
"3073800","3"
"3098597","3"
"3119290","4"
"3144605","4"
"3150638","2"
"3159137","2"
"3183020","1"
"3202065","5"
"3213349","1"
"3221067","3"
"3223952","1"
"3238509","5"
"3242404","2"
"3245062","4"
"3256979","6"
"3289958","2"
"3307936","2"
"3316407","3"
"3327586","2"
"3358683","1"
"3364889","1"
"3381741","5"
"3399956","5"
"3407401","1"
"3416224","1"
"3437841","1"
"3454524","4"
"3478623","2"
"3494668","3"
"3537825","2"
"3537858","1"
"3592741","1"
"3605196","3"
"3614894","1"
"3650674","2"
"3658516","1"
"3660957","7"
"3693242","1"
"3697070","3"
"3702505","3"
"3716413","4"
"3722233","4"
"3751596","3"
"3773985","5"
"3786338","1"
"3803800","1"
"3848897","1"
"3878527","2"
"3889117","2"
"3913763","2"
"3940345","3"
"3945011","4"
"3956195","1"
"3966086","3"
"3966902","2"
"3966925","6"
"3969321","3"
"3971522","2"
"3972557","1"
"3982731","3"
"3984579","1"
"3989776","1"
"3997895","2"
"4013363","2"
"4013654","3"
"4024586","2"
"4026009","1"
"4031950","1"
"4036220","2"
"4041944","1"
"4042465","3"
"4042941","2"
"4051933","4"
"4059978","1"
"4063039","2"
"4064616","2"
"4076177","2"
"4081886","1"
"4096566","1"
"4106197","2"
"4111477","2"
"4121790","8"
"4130048","4"
"4134855","4"
"4152739","1"
"4168408","2"
"4169518","2"
"4187404","2"
"4189514","5"
"4200393","2"
"4213525","2"
"4214058","3"
"4239045","2"
"4239121","3"
"4242263","2"
"4242677","2"
"4258164","1"
"4276131","1"
"4282377","1"
"4284846","1"
"4292575","3"
"4294363","3"
"4294732","1"
"4299102","1"
"4299170","2"
"4300538","1"
"4300885","3"
"4303130","3"
"4307515","1"
"4308137","5"
"4312852","2"
"4320543","1"
"4336669","2"
"4346901","3"
"4350361","2"
"4354113","1"
"4372709","2"
"4399837","5"
"4424532","2"
"4443351","3"
"4453853","2"
"4456926","2"
"4473163","2"
"4475442","1"
"4479580","2"
"4479862","1"
"4482530","3"
"4485073","3"
"4486496","2"
"4506353","1"
"4506927","1"
"4511472","3"
"4535255","2"
"4549636","1"
"4583436","1"
"4599587","2"
"4605091","2"
"4621454","1"
"4636675","2"
"4642704","1"
"4647063","2"
"4653914","4"
"4658877","1"
"4678829","2"
"4683639","6"
"4688949","2"
"4695930","2"
"4708895","3"
"4709266","2"
"4709462","5"
"4712296","1"
"4743596","2"
"4744204","1"
"4750087","2"
"4750741","1"
"4770539","1"
"4770660","1"
"4776065","1"
"4777744","2"
"4801431","2"
"4805266","1"
"4824657","3"
"4827990","1"
"4829597","4"
"4839252","1"
"4840449","1"
"4851542","3"
"4880360","2"
"4896297","3"
"4914791","3"
"4916640","3"
"4926809","1"
"4933729","2"
"4933975","1"
"4966552","4"
"4988237","1"
"4995485","1"
"4997661","3"
"5004293","3"
"5019578","3"
"5020526","2"
"5024511","3"
"5029122","2"
"5030571","3"
"5047633","1"
"5053537","2"
"5054852","3"
"5061585","5"
"5088527","4"
"5104406","2"
"5119230","2"
"5131954","2"
"5134718","1"
"5176801","2"
"5191151","3"
"5195500","1"
"5209350","2"
"5210741","2"
"5232986","2"
"5236086","2"
"5250600","2"
"5267633","2"
"5300017","2"
"5314662","1"
"5317982","1"
"5320807","1"
"5321452","1"
"5323453","1"
"5327797","2"
"5336302","2"
"5338805","2"
"5353555","3"
"5363597","1"
"5370759","2"
"5384429","2"
"5397785","4"
"5433008","1"
"5438463","1"
"5447217","4"
"5451030","2"
"5454635","4"
"5465786","1"
"5466274","3"
"5471545","1"
"5493712","2"
"5514144","2"
"5516815","1"
"5529600","1"
"5543041","1"
"5544879","1"
"5575522","2"
"5584984","4"
"5603013","2"
"5609813","1"
"5615778","1"
"5634083","3"
"5652188","4"
"5653739","5"
"5659201","1"
"5688658","1"
"5695055","3"
"5714350","1"
"5744833","2"
"5761130","2"
"5767694","1"
"5774934","7"
"5782932","6"
"5783419","2"
"5791620","1"
"5793702","1"
"5797857","2"
"5810163","3"
"5840292","1"
"5842490","3"
"5843773","1"
"5850392","5"
"5883558","1"
"5894005","1"
"5894915","2"
"5900813","1"
"5905362","2"
"5909996","2"
"5917190","1"
"5923788","1"
"5938798","2"
"5956317","4"
"5981620","4"
"5985215","4"
"5993365","2"
"5997881","2"
"6000203","2"
"6001217","2"
"6004000","3"
"6005103","2"
"6005176","2"
"6021176","2"
"6023797","4"
"6031697","1"
"6043926","2"
"6051343","3"
"6091315","2"
"6110929","1"
"6150551","2"
"6158596","1"
"6198379","2"
"6218990","1"
"6221443","1"
"6223081","3"
"6223455","3"
"6230396","1"
"6250421","1"
"6285493","3"
"6326190","2"
"6346924","2"
"6350764","4"
"6353988","2"
"6354964","1"
"6355964","4"
"6358623","2"
"6359845","3"
"6377772","2"
"6379031","1"
"6379205","1"
"6388803","1"
"6388986","2"
"6390631","1"
"6390665","1"
"6391959","1"
"6396738","2"
"6397571","1"
"6421305","1"
"6424751","1"
"6448245","2"
"6478467","1"
"6480388","1"
"6496052","1"
"6496326","2"
"6499002","1"
"6511839","1"
"6518436","2"
"6522360","3"
"6524375","1"
"6552874","2"
"6553310","1"
"6557752","1"
"6563296","2"
"6563579","1"
"6571945","2"
"6572306","1"
"6585098","2"
"6588500","3"
"6589959","4"
"6593616","3"
"6605404","1"
"6643434","2"
"6646287","0"
"6652178","2"
"6670111","2"
"6676271","2"
"6686432","2"
"6725103","1"
"6730629","3"
"6730752","1"
"6732524","3"
"6733145","2"
"6733779","2"
"6736202","0"
"6739902","2"
"6749956","3"
"6751158","4"
"6751334","1"
"6754390","1"
"6757509","2"
"6759419","3"
"6763001","1"
"6770247","1"
"6775208","2"
"6784928","1"
"6801631","1"
"6801815","2"
"6808187","1"
"6809884","1"
"6834018","1"
"6840144","1"
"6857139","5"
"6860407","1"
"6874132","5"
"6877419","1"
"6881652","3"
"6907435","1"
"6978554","0"
"6982849","1"
"6989780","1"
"7060594","1"
"7114036","1"
"7125823","2"
"7154650","4"
"7189866","1"
"7200427","2"
"7207293","2"
"7219438","3"
"7225504","2"
"7226370","3"
"7243780","3"
"7261248","2"
"7274960","1"
"7293197","2"
"7294577","4"
"7294842","2"
"7316469","1"
"7367655","6"
"7369615","4"
"7375866","1"
"7380305","1"
"7380755","2"
"7382002","3"
"7382140","2"
"7414813","3"
"7431760","1"
"7438373","1"
"7442449","1"
"7457824","2"
"7462674","1"
"7469182","2"
"7469402","1"
"7488087","1"
"7493562","1"
"7503756","0"
"7505261","1"
"7518752","3"
"7524487","2"
"7536633","3"
"7538584","2"
"7538777","2"
"7550200","3"
"7556912","3"
"7566548","5"
"7571157","6"
"7574231","1"
"7578762","2"
"7579135","2"
"7582388","4"
"7592451","1"
"7599472","2"
"7601474","2"
"7604201","2"
"7604284","3"
"7605461","3"
"7605900","3"
"7611064","1"
"7611547","1"
"7613560","2"
"7623883","2"
"7628063","2"
"7628294","1"
"7629412","2"
"7640152","2"
"7655142","1"
"7680499","3"
"7690311","3"
"7692239","2"
"7694699","2"
"7703611","2"
"7711255","4"
"7714354","1"
"7724237","1"
"7747065","1"
"7775075","2"
"7788600","3"
"7832923","3"
"7843714","2"
"7855798","3"
"7861891","2"
"7868424","2"
"7883023","3"
"7918438","2"
"7942214","2"
"7942630","8"
"7949895","1"
"7975368","2"
"7982144","1"
"8009340","3"
"8017172","3"
"8024621","1"
"8046855","5"
"8059657","2"
"8064213","3"
"8070511","4"
"8075925","1"
"8078345","1"
"8088478","1"
"8089023","1"
"8090490","2"
"8101735","1"
"8101924","2"
"8108237","1"
"8113234","2"
"8113742","1"
"8115221","1"
"8119223","4"
"8130776","3"
"8153350","4"
"8192826","1"
"8195412","1"
"8221393","1"
"8265309","4"
"8272425","2"
"8286001","4"
"8286480","2"
"8286735","2"
"8291199","1"
"8299037","2"
"8301367","1"
"8326926","3"
"8348377","2"
"8349600","1"
"8358958","3"
"8360007","1"
"8373460","3"
"8373711","1"
"8380165","1"
"8381126","3"
"8382232","2"
"8398072","1"
"8398607","4"
"8411401","1"
"8422586","1"
"8428518","2"
"8462209","2"
"8482113","1"
"8482624","2"
"8499897","2"
"8515222","1"
"8516074","1"
"8516295","3"
"8517534","2"
"8526482","4"
"8552589","1"
"8553623","1"
"8564025","1"
"8596402","1"
"8598877","3"
"8601694","1"
"8622979","2"
"8630599","2"
"8635197","2"
"8641034","1"
"8651331","1"
"8654644","4"
"8659986","3"
"8660666","2"
"8663869","1"
"8678948","1"
"8679245","3"
"8684018","2"
"8694976","1"
"8696016","2"
"8696770","3"
"8697208","2"
"8697469","1"
"8697530","2"
"8698530","1"
"8715044","1"
"8728830","2"
"8738265","2"
"8774620","1"
"8801316","1"
"8818440","1"
"8846185","1"
"8850604","1"
"8853259","3"
"8864173","1"
"8869678","1"
"8871951","2"
"8874896","2"
"8880227","1"
"8883422","2"
"8887373","2"
"8891679","1"
"8904512","1"
"8912522","1"
"8923896","1"
"8926431","1"
"8928970","2"
"8931064","1"
"8931291","1"
"8945213","1"
"8953495","2"
"8962747","1"
"8962787","2"
"8962895","1"
"8967348","2"
"8968171","1"
"8968997","2"
"8972578","2"
"8978300","5"
"8984661","1"
"8986010","1"
"8999557","2"
"9037763","2"
"9037833","5"
"9041833","1"
"9043178","1"
"9045910","2"
"9053721","1"
"9054613","1"
"9055402","1"
"9057876","1"
"9058035","1"
"9058598","2"
"9058849","2"
"9061421","3"
"9067403","3"
"9077305","1"
"9082514","1"
"9085469","1"
"9086336","2"
"9101829","2"
"9117133","1"
"9122503","3"
"9123080","2"
"9128051","1"
"9134929","8"
"9143904","2"
"9147160","1"
"9166489","2"
"9178730","2"
"9190352","7"
"9191718","4"
"9222766","4"
"9245456","3"
"9247566","1"
"9250544","1"
"9253097","2"
"9272454","3"
"9272566","3"
"9283495","2"
"9287057","2"
"9287760","1"
"9295298","3"
"9306327","3"
"9309708","2"
"9321864","2"
"9322324","1"
"9323036","3"
"9323489","2"
"9325888","1"
"9355565","1"
"9358553","7"
"9367181","3"
"9372094","4"
"9375953","1"
"9379626","3"
"9395952","1"
"9418253","1"
"9426560","3"
"9434050","4"
"9458512","2"
"9458859","4"
"9463087","1"
"9471585","1"
"9472371","2"
"9487233","2"
"9498746","3"
"9506789","1"
"9512513","7"
"9531130","2"
"9545816","6"
"9555686","2"
"9556940","3"
"9562195","1"
"9590373","1"
"9627108","2"
"9631039","4"
"9642445","1"
"9643290","1"
"9647307","1"
"9653374","2"
"9703534","2"
"9713678","5"
"9727373","2"
"9728494","2"
"9733911","2"
"9735848","1"
"9745037","1"
"9760580","2"
"9769125","3"
"9773396","1"
"9774671","2"
"9776245","2"
"9778595","4"
"9792006","2"
"9795504","4"
"9795545","4"
"9798282","4"
"9804411","2"
"9833905","1"
"9843378","3"
"9843827","2"
"9846593","3"
"9848973","1"
"9851358","1"
"9854331","1"
"9856995","2"
"9863036","3"
"9879287","1"
"9879843","2"
"9897358","3"
"9898048","1"
"9899870","1"
"9901843","2"
"9913611","2"
"9914219","1"
"9930782","1"
"9934655","1"
"9969778","1"
"9981708","2"
"9986310","1"
"9986465","2"
"9997822","2"
"9999349","1"
"10002471","1"
"10008552","1"
"10009427","2"
"10018007","1"
"10019645","2"
"10026597","1"
"10052230","2"
"10055930","3"
"10062253","3"
"10066886","1"
"10068713","3"
"10083362","7"
"10085243","2"
"10094994","1"
"10109636","3"
"10112304","1"
"10131779","3"
"10182677","3"
"10186830","1"
"10191093","2"
"10193775","1"
"10210269","2"
"10211326","2"
"10217840","1"
"10220292","2"
"10222584","3"
"10239238","2"
"10240184","1"
"10241383","4"
"10244653","1"
"10258743","1"
"10261093","1"
"10261485","2"
"10270981","1"
"10271711","1"
"10272115","1"
"10275091","1"
"10283350","2"
"10286207","1"
"10306733","1"
"10307557","2"
"10309095","2"
"10310220","1"
"10311427","1"
"10326552","1"
"10337965","2"
"10365606","2"
"10369546","4"
"10397737","1"
"10404588","1"
"10406493","2"
"10407618","1"
"10413930","3"
"10422985","1"
"10435572","3"
"10441330","2"
"10442137","1"
"10447809","2"
"10458672","2"
"10459363","4"
"10467974","1"
"10471290","2"
"10481910","2"
"10487521","2"
"10498456","1"
"10506728","1"
"10515033","2"
"10515254","1"
"10519390","2"
"10542079","1"
"10568493","1"
"10578339","3"
"10580420","3"
"10583556","1"
"10588382","2"
"10598823","2"
"10622538","3"
"10666913","3"
"10667329","1"
"10669217","2"
"10709992","5"
"10769001","3"
"10773345","2"
"10779283","1"
"10789601","3"
"10799582","1"
"10801437","2"
"10807428","1"
"10874015","2"
"10893521","3"
"10899544","3"
"10907261","2"
"10908444","2"
"10929228","3"
"10964851","3"
"10988442","3"
"11028969","2"
"11081501","1"
"11095770","1"
"11099758","1"
"11105053","2"
"11112399","2"
"11143415","1"
"11144107","2"
"11148507","1"
"11150573","1"
"11168042","1"
"11168532","2"
"11177125","2"
"11178014","2"
"11193783","4"
"11213355","2"
"11222299","1"
"11248062","1"
"11276985","6"
"11279644","1"
"11280370","0"
"11283544","1"
"11295544","1"
"11303327","2"
"11321829","2"
"11322163","2"
"11353610","1"
"11380098","1"
"11380832","3"
"11381121","2"
"11388104","1"
"11395932","3"
"11398528","2"
"11400594","1"
"11452791","4"
"11492246","2"
"11493235","2"
"11494533","4"
"11494912","3"
"11514626","4"
"11515240","2"
"11516609","1"
"11533190","1"
"11535186","2"
"11542446","2"
"11581920","2"
"11607020","2"
"11624174","2"
"11624953","1"
"11656501","1"
"11659878","2"
"11662073","2"
"11667357","1"
"11696626","3"
"11704443","0"
"11732654","3"
"11736470","1"
"11754303","2"
"11757239","2"
"11762774","2"
"11770567","2"
"11788372","2"
"11795404","2"
"11803755","1"
"11805995","2"
"11806323","1"
"11820461","2"
"11821084","1"
"11830547","2"
"11856133","2"
"11866324","1"
"11871195","2"
"11873116","2"
"11875898","2"
"11878385","1"
"11921779","4"
"11958988","2"
"11976700","1"
"11977009","3"
"11978077","3"
"12012585","2"
"12062094","2"
"12075225","1"
"12113154","1"
"12129300","2"
"12151368","1"
"12160390","3"
"12181474","2"
"12185343","1"
"12222880","1"
"12288628","3"
"12324054","2"
"12331538","2"
"12333797","1"
"12334058","2"
"12341240","1"
"12341767","3"
"12343367","1"
"12350982","1"
"12359820","2"
"12368953","1"
"12380804","1"
"12393134","1"
"12437550","3"
"12437792","3"
"12443361","1"
"12466841","1"
"12467734","1"
"12478575","2"
"12482096","1"
"12487851","1"
"12499057","2"
"12503419","3"
"12513366","3"
"12540462","2"
"12549411","1"
"12559342","1"
"12610350","1"
"12610373","2"
"12612493","2"
"12627211","1"
"12627308","2"
"12627936","2"
"12631427","2"
"12656461","1"
"12682540","1"
"12695347","2"
"12717690","2"
"12737187","2"
"12771674","2"
"12791786","2"
"12798723","1"
"12818056","3"
"12849968","1"
"12852864","3"
"12862239","1"
"12878152","1"
"12884123","2"
"12885960","1"
"12888619","1"
"12937082","1"
"12937198","1"
"12965430","3"
"12965464","1"
"12981971","2"
"12991674","1"
"12994177","1"
"12995044","2"
"12996668","2"
"13002551","2"
"13003223","2"
"13013746","2"
"13027937","2"
"13034806","1"
"13052648","4"
"13083209","2"
"13084312","2"
"13086504","2"
"13096644","2"
"13099672","1"
"13100503","1"
"13111913","1"
"13124458","2"
"13126405","1"
"13126914","1"
"13130843","2"
"13146128","2"
"13156167","1"
"13187983","1"
"13203089","5"
"13225070","2"
"13233943","1"
"13262057","4"
"13278457","1"
"13280224","1"
"13299235","2"
"13302697","2"
"13304044","1"
"13326516","3"
"13339544","4"
"13350459","3"
"13372457","2"
"13386652","1"
"13399960","1"
"13404208","9"
"13410159","1"
"13440741","1"
"13478758","1"
"13506800","1"
"13508820","2"
"13513435","3"
"13516146","1"
"13519850","3"
"13525580","2"
"13532802","2"
"13532989","1"
"13535149","1"
"13538985","2"
"13557709","1"
"13584629","3"
"13588213","1"
"13590307","4"
"13612247","2"
"13649876","2"
"13651889","2"
"13683043","2"
"13686223","2"
"13688004","1"
"13694140","1"
"13700780","1"
"13702603","1"
"13705859","3"
"13708701","4"
"13728692","1"
"13781693","2"
"13783307","2"
"13783338","1"
"13795785","3"
"13798358","3"
"13811583","1"
"13828221","2"
"13829393","1"
"13831447","2"
"13832016","1"
"13844151","1"
"13848706","4"
"13849840","2"
"13850380","2"
"13862282","2"
"13871308","2"
"13886957","1"
"13894357","3"
"13897866","3"
"13905131","1"
"13907231","1"
"13921998","2"
"13926073","2"
"13933782","1"
"13937717","1"
"13956783","2"
"13958557","2"
"13962811","3"
"13977290","1"
"13986717","1"
"13990499","3"
"13991359","1"
"14001569","3"
"14014866","1"
"14024497","1"
"14034543","1"
"14045154","2"
"14046392","2"
"14050401","2"
"14053647","1"
"14057612","1"
"14076006","1"
"14077535","1"
"14081799","1"
"14082709","1"
"14086470","1"
"14103392","2"
"14125092","3"
"14134116","2"
"14149283","1"
"14181145","1"
"14187054","1"
"14234868","1"
"14243675","1"
"14251431","2"
"14266731","2"
"14289069","3"
"14291326","2"
"14293523","1"
"14328600","2"
"14343379","3"
"14344623","2"
"14355509","1"
"14362953","2"
"14363050","3"
"14364145","3"
"14381198","1"
"14383500","3"
"14385190","2"
"14410213","2"
"14410953","4"
"14415278","1"
"14419750","2"
"14421115","1"
"14424602","1"
"14425762","1"
"14428189","3"
"14428420","3"
"14431257","1"
"14440531","2"
"14440719","1"
"14448307","1"
"14449849","2"
"14451320","1"
"14453444","3"
"14454002","1"
"14454415","2"
"14454981","2"
"14460786","2"
"14486747","2"
"14513152","1"
"14532160","2"
"14539899","1"
"14540660","2"
"14543193","2"
"14544549","1"
"14546671","2"
"14554620","1"
"14555342","2"
"14564341","3"
"14566142","1"
"14575270","1"
"14579039","1"
"14593919","2"
"14598709","1"
"14602422","2"
"14606489","1"
"14616380","1"
"14620707","2"
"14621559","1"
"14624284","1"
"14629642","1"
"14632870","1"
"14639109","1"
"14639244","1"
"14639275","2"
"14642292","2"
"14646615","1"
"14657808","1"
"14658341","1"
"14661411","2"
"14665663","1"
"14667164","2"
"14668458","1"
"14669664","2"
"14674033","2"
"14679885","2"
"14699794","4"
"14707651","2"
"14723291","2"
"14731554","4"
"14731592","1"
"14739903","2"
"14740866","1"
"14741219","2"
"14747939","2"
"14751914","3"
"14755664","1"
"14757043","1"
"14757648","1"
"14759932","2"
"14760708","2"
"14764786","1"
"14766777","1"
"14777522","1"
"14779685","1"
"14781875","2"
"14790407","2"
"14791144","1"
"14793083","1"
"14795595","1"
"14818866","4"
"14826348","1"
"14840236","1"
"14844580","1"
"14851532","2"
"14856281","1"
"14859960","3"
"14876228","2"
"14882573","1"
"14887971","1"
"14890550","1"
"14900016","2"
"14906776","2"
"14910034","1"
"14916421","1"
"14916847","2"
"14916995","2"
"14929707","2"
"14934242","5"
"14941697","1"
"14947667","1"
"14947719","2"
"14947879","1"
"14948096","1"
"14959418","1"
"14960697","1"
"14981967","3"
"14991270","1"
"14991754","2"
"15004147","2"
"15007954","3"
"15010687","1"
"15012401","3"
"15012728","1"
"15029848","2"
"15044312","1"
"15059092","1"
"15065998","2"
"15071870","2"
"15073366","1"
"15076597","4"
"15088450","4"
"15091966","1"
"15092139","1"
"15095541","2"
"15097077","2"
"15118247","2"
"15146286","1"
"15148657","3"
"15164023","3"
"15169524","1"
"15183701","2"
"15186414","2"
"15187445","2"
"15200450","2"
"15207668","3"
"15213437","1"
"15232222","1"
"15237598","2"
"15244975","1"
"15260430","1"
"15262793","1"
"15264305","1"
"15268241","1"
"15270487","1"
"15283284","3"
"15283319","1"
"15284181","1"
"15285386","4"
"15305499","2"
"15310539","1"
"15322251","2"
"15322321","3"
"15326144","2"
"15337973","1"
"15338109","3"
"15344069","1"
"15348975","1"
"15367254","1"
"15367888","2"
"15368477","1"
"15371193","1"
"15381907","3"
"15423371","2"
"15429144","3"
"15459011","1"
"15489863","1"
"15491847","1"
"15494037","2"
"15514908","4"
"15524450","1"
"15543788","2"
"15553526","1"
"15561714","4"
"15563702","2"
"15564542","1"
"15567299","0"
"15576260","1"
"15584848","2"
"15590245","1"
"15593880","1"
"15599018","2"
"15606734","1"
"15610077","1"
"15620411","1"
"15620668","3"
"15627607","1"
"15640922","1"
"15651539","2"
"15672378","1"
"15674669","1"
"15683892","1"
"15690053","1"
"15693838","1"
"15693888","2"
"15712618","1"
"15721528","1"
"15724221","1"
"15728271","1"
"15731724","6"
"15736468","1"
"15738783","2"
"15745557","1"
"15751851","2"
"15752651","1"
"15769095","2"
"15769555","1"
"15809984","1"
"15820792","2"
"15821893","1"
"15828805","1"
"15829660","2"
"15832117","1"
"15833531","1"
"15835295","2"
"15835659","2"
"15841589","1"
"15846394","2"
"15847335","1"
"15851341","1"
"15854132","1"
"15861052","2"
"15870656","1"
"15871285","2"
"15887572","2"
"15894627","2"
"15915331","3"
"15923271","0"
"15933543","1"
"15945822","1"
"15957530","1"
"15971941","3"
"15978838","1"
"15979624","1"
"15992893","1"
"15994311","2"
"16003359","2"
"16003890","1"
"16005801","2"
"16014877","2"
"16027627","3"
"16031786","2"
"16041393","2"
"16068784","1"
"16107844","2"
"16116985","1"
"16120081","3"
"16124863","1"
"16128870","2"
"16129606","1"
"16131605","2"
"16148545","1"
"16149726","1"
"16150173","4"
"16152005","2"
"16159675","1"
"16160332","1"
"16195873","1"
"16196375","3"
"16196986","3"
"16212800","1"
"16216120","4"
"16216693","3"
"16217318","3"
"16219014","1"
"16228043","1"
"16239348","1"
"16266275","1"
"16269393","1"
"16283984","3"
"16306238","2"
"16310469","2"
"16321732","2"
"16326218","1"
"16329381","1"
"16342840","2"
"16348328","1"
"16353066","1"
"16361559","1"
"16373603","3"
"16391059","1"
"16391989","1"
"16397986","2"
"16416169","1"
"16455319","3"
"16457478","3"
"16486961","2"
"16503396","2"
"16507273","2"
"16528882","1"
"16538275","1"
"16542914","1"
"16548069","2"
"16552834","1"
"16555476","5"
"16557761","1"
"16562394","2"
"16583263","1"
"16593490","1"
"16594333","2"
"16600624","1"
"16603490","4"
"16622914","2"
"16627444","2"
"16637015","6"
"16639252","1"
"16642050","2"
"16653153","1"
"16668022","1"
"16681939","2"
"16704229","1"
"16718465","1"
"16724609","1"
"16729842","1"
"16732518","1"
"16738691","1"
"16743444","1"
"16745769","1"
"16746816","1"
"16764906","1"
"16768344","3"
"16773384","2"
"16775304","1"
"16783056","2"
"16801487","1"
"16824398","2"
"16862301","2"
"16880008","2"
"16882849","1"
"16920843","1"
"16924973","2"
"16937598","1"
"16939190","1"
"16946875","3"
"16950687","3"
"16992147","1"
"17015810","1"
"17016251","2"
"17016634","1"
"17019974","2"
"17035280","1"
"17039217","1"
"17040410","1"
"17044240","1"
"17047223","1"
"17049143","1"
"17056690","1"
"17063821","1"
"17064166","1"
"17068372","2"
"17069561","2"
"17076575","2"
"17076875","3"
"17080573","2"
"17084006","1"
"17091116","1"
"17097515","1"
"17111673","2"
"17116858","1"
"17122850","2"
"17125824","1"
"17129693","2"
"17139603","1"
"17155899","2"
"17157392","2"
"17163836","2"
"17173101","1"
"17173690","1"
"17188464","2"
"17188866","1"
"17189202","1"
"17196781","1"
"17212456","3"
"17216236","1"
"17222543","1"
"17224901","1"
"17245549","0"
"17258110","2"
"17259820","3"
"17261477","1"
"17280954","1"
"17293866","1"
"17296122","1"
"17305287","1"
"17315402","2"
"17365318","2"
"17367339","1"
"17368613","2"
"17370809","2"
"17414523","2"
"17422910","1"
"17436988","2"
"17445355","1"
"17475418","1"
"17479993","1"
"17492208","1"
"17502899","2"
"17503516","1"
"17514609","2"
"17540998","3"
"17546998","1"
"17552801","1"
"17559503","1"
"17569219","2"
"17570777","1"
"17579416","1"
"17593420","2"
"17619652","1"
"17619765","2"
"17644962","1"
"17645634","1"
"17666307","2"
"17668003","1"
"17674549","2"
"17681817","2"
"17690400","2"
"17704111","1"
"17710382","2"
"17726321","2"
"17727563","3"
"17790074","1"
"17791089","2"
"17799436","1"
"17823393","1"
"17849883","1"
"17862281","1"
"17891835","4"
"17894177","0"
"17896222","1"
"17912116","1"
"17914428","3"
"17936425","1"
"17953329","1"
"17976247","1"
"17992944","1"
"18006000","2"
"18009997","3"
"18016623","4"
"18017419","1"
"18023145","1"
"18044448","2"
"18115945","1"
"18121975","1"
"18136329","2"
"18159773","1"
"18163083","1"
"18181684","0"
"18186043","1"
"18188105","2"
"18195086","1"
"18201208","2"
"18212342","1"
"18213973","2"
"18285205","3"
"18290774","2"
"18351085","1"
"18401178","2"
"18415234","1"
"18416000","2"
"18420551","1"
"18435927","2"
"18491788","3"
"18519894","2"
"18530129","0"
"18536843","2"
"18540058","2"
"18542266","1"
"18550616","2"
"18598441","1"
"18605664","1"
"18691501","2"
"18699256","1"
"18701241","1"
"18704894","2"
"18706327","1"
"18707796","1"
"18713975","2"
"18721357","1"
"18732488","2"
"18738742","0"
"18753560","3"
"18755671","1"
"18769703","2"
"18778740","2"
"18798614","1"
"18808687","2"
"18812331","3"
"18813700","1"
"18818485","1"
"18837990","2"
"18839705","1"
"18884297","3"
"18910973","1"
"18911546","1"
"18922648","1"
"18932835","2"
"18937755","2"
"18941500","1"
"18964144","3"
"18969457","1"
"18970110","2"
"19041014","1"
"19045767","4"
"19047058","1"
"19055529","3"
"19056015","2"
"19071158","1"
"19105180","1"
"19113277","2"
"19141735","1"
"19144958","1"
"19185782","1"
"19191127","2"
"19202851","1"
"19206245","2"
"19237997","3"
"19238430","1"
"19251351","2"
"19252267","1"
"19279236","1"
"19289672","1"
"19299184","1"
"19307750","1"
"19323664","1"
"19327654","1"
"19328804","1"
"19338709","1"
"19340661","1"
"19344339","1"
"19347090","1"
"19347823","1"
"19350590","3"
"19355954","2"
"19362103","2"
"19365405","2"
"19367255","1"
"19369689","1"
"19381801","3"
"19383792","1"
"19387848","1"
"19391806","1"
"19404276","3"
"19413748","0"
"19426619","1"
"19430900","3"
"19439074","3"
"19457414","5"
"19461296","1"
"19461624","4"
"19467692","1"
"19477564","4"
"19477822","2"
"19479829","2"
"19482597","1"
"19486531","1"
"19498928","1"
"19508078","1"
"19523078","1"
"19527859","1"
"19531205","2"
"19531665","0"
"19541088","2"
"19550573","1"
"19566199","1"
"19580422","1"
"19595562","2"
"19599807","1"
"19611425","4"
"19611854","1"
"19611865","1"
"19618328","1"
"19618924","2"
"19620952","2"
"19621739","1"
"19622250","1"
"19622842","1"
"19639001","1"
"19640792","1"
"19641002","1"
"19644451","2"
"19649813","0"
"19659307","1"
"19672203","1"
"19689805","1"
"19691190","3"
"19695351","3"
"19705185","1"
"19710852","1"
"19719706","1"
"19731838","1"
"19743889","0"
"19752023","0"
"19758789","1"
"19771283","2"
"19796557","2"
"19802491","1"
"19803447","1"
"19811421","1"
"19819711","2"
"19823956","1"
"19827577","0"
"19830314","1"
"19845797","1"
"19851494","1"
"19859953","3"
"19871058","2"
"19884923","2"
"19895313","1"
"19896312","2"
"19904832","2"
"19949521","3"
"19966786","2"
"19975140","4"
"19991030","2"
"19991078","1"
"19991731","1"
"20002608","1"
"20004877","3"
"20010884","1"
"20017702","2"
"20020732","1"
"20025653","1"
"20037967","1"
"20039012","2"
"20046329","1"
"20060421","2"
"20062627","4"
"20102611","3"
"20103275","2"
"20105612","2"
"20136420","1"
"20149593","1"
"20155666","2"
"20160644","2"
"20178057","2"
"20181388","2"
"20182290","1"
"20196133","3"
"20233019","1"
"20270304","1"
"20270648","1"
"20284905","1"
"20299481","1"
"20302268","2"
"20306649","1"
"20324669","3"
"20330099","1"
"20332184","3"
"20337229","2"
"20346039","1"
"20347688","1"
"20363978","4"
"20365714","2"
"20366599","1"
"20378382","0"
"20388983","1"
"20391839","1"
"20395944","1"
"20396854","1"
"20404634","1"
"20405924","1"
"20411450","1"
"20413684","3"
"20417026","1"
"20432505","1"
"20439429","2"
"20441263","3"
"20453778","2"
"20456909","1"
"20459835","2"
"20462029","1"
"20469391","1"
"20470297","1"
"20473705","1"
"20475216","2"
"20477413","2"
"20489248","1"
"20494909","2"
"20495583","2"
"20500070","1"
"20504958","2"
"20514892","2"
"20515628","1"
"20529839","1"
"20533448","3"
"20554958","1"
"20557343","1"
"20577238","3"
"20579238","1"
"20582712","1"
"20585100","2"
"20587158","3"
"20591041","3"
"20601119","2"
"20606901","2"
"20609013","2"
"20609486","1"
"20610276","1"
"20611864","1"
"20623652","1"
"20633401","2"
"20643862","3"
"20645767","1"
"20654800","1"
"20692885","1"
"20738880","4"
"20743604","2"
"20765452","2"
"20778609","1"
"20790076","1"
"20793851","1"
"20795327","1"
"20801675","2"
"20815566","2"
"20851390","1"
"20859676","1"
"20865805","1"
"20867206","1"
"20867403","0"
"20872974","0"
"20875352","1"
"20890446","1"
"20895477","1"
"20900465","1"
"20913439","2"
"20913618","2"
"20917280","2"
"20921661","2"
"20922676","2"
"20925020","1"
"20927592","2"
"20931144","3"
"20933855","1"
"20943273","2"
"20951680","2"
"20961712","2"
"20963365","2"
"20968185","1"
"20972769","2"
"20993846","1"
"21011349","1"
"21031920","2"
"21041007","0"
"21048111","1"
"21054789","1"
"21072182","1"
"21072509","2"
"21078124","1"
"21079827","1"
"21093791","2"
"21115162","2"
"21115335","2"
"21132371","1"
"21183770","3"
"21184379","1"
"21200817","1"
"21205776","1"
"21219280","1"
"21219976","3"
"21220970","2"
"21222073","1"
"21224539","1"
"21225701","1"
"21276346","3"
"21279547","1"
"21285764","3"
"21286415","3"
"21286668","3"
"21296492","3"
"21303943","1"
"21304056","1"
"21324802","1"
"21338878","1"
"21349783","1"
"21354192","1"
"21358732","2"
"21366615","1"
"21370003","3"
"21371040","1"
"21377727","1"
"21382496","2"
"21384853","1"
"21388067","1"
"21389315","2"
"21393178","1"
"21418619","1"
"21490195","1"
"21490612","2"
"21498575","2"
"21498796","4"
"21500019","3"
"21500537","1"
"21509177","1"
"21510226","1"
"21538271","2"
"21538563","2"
"21563084","2"
"21564382","2"
"21567318","1"
"21575099","2"
"21578011","3"
"21582665","1"
"21583480","4"
"21585494","2"
"21588315","2"
"21591833","3"
"21592132","1"
"21593269","1"
"21594555","3"
"21594838","1"
"21596759","1"
"21609808","1"
"21612448","1"
"21613715","1"
"21617845","1"
"21621614","2"
"21624746","1"
"21627749","2"
"21635122","1"
"21642551","1"
"21643403","3"
"21646697","1"
"21652238","2"
"21652379","1"
"21653576","1"
"21654375","2"
"21658799","1"
"21663292","1"
"21665573","1"
"21665777","2"
"21665831","2"
"21666810","1"
"21673750","1"
"21674947","3"
"21676544","1"
"21676941","1"
"21689485","3"
"21706908","1"
"21710631","2"
"21711141","1"
"21713446","2"
"21728826","1"
"21734470","1"
"21738063","2"
"21738625","3"
"21740466","2"
"21742264","1"
"21746196","2"
"21750188","2"
"21751002","0"
"21768135","1"
"21774922","1"
"21782860","1"
"21783057","2"
"21807034","2"
"21816741","2"
"21819076","2"
"21819528","1"
"21857098","2"
"21865679","2"
"21874967","2"
"21897707","1"
"21904703","1"
"21930107","2"
"21930764","1"
"21957987","2"
"21961492","1"
"21962501","2"
"21967685","2"
"21976967","1"
"21987740","1"
"22000947","1"
"22011055","1"
"22019368","0"
"22022316","1"
"22028063","0"
"22028151","1"
"22052471","1"
"22052702","1"
"22067339","3"
"22076980","1"
"22093873","1"
"22095766","3"
"22099432","1"
"22100482","0"
"22101109","1"
"22107667","1"
"22113231","2"
"22119444","1"
"22120765","1"
"22121587","1"
"22124201","2"
"22130429","11"
"22132458","2"
"22134604","1"
"22137535","1"
"22138720","2"
"22141771","3"
"22144775","2"
"22152317","1"
"22153170","2"
"22161024","1"
"22162715","1"
"22174326","1"
"22174383","0"
"22176643","1"
"22184640","2"
"22190156","1"
"22216747","2"
"22221053","1"
"22221903","2"
"22227390","1"
"22235317","1"
"22238225","2"
"22246577","1"
"22249908","1"
"22257343","1"
"22266578","1"
"22274001","2"
"22281771","1"
"22284450","2"
"22285570","1"
"22290376","1"
"22290973","1"
"22298105","2"
"22301643","1"
"22303280","1"
"22305981","1"
"22348341","1"
"22350940","1"
"22367396","2"
"22379312","1"
"22395113","1"
"22404124","1"
"22409473","1"
"22433957","2"
"22466289","3"
"22482976","0"
"22488111","1"
"22494202","1"
"22496854","3"
"22502319","2"
"22507448","3"
"22543794","4"
"22555708","1"
"22561566","2"
"22565045","2"
"22570808","1"
"22571793","1"
"22573021","2"
"22573110","1"
"22582452","1"
"22587000","2"
"22607755","1"
"22615854","2"
"22616425","1"
"22645699","2"
"22651910","1"
"22655240","1"
"22665791","1"
"22667477","2"
"22675845","2"
"22676975","2"
"22697841","2"
"22724283","1"
"22733385","1"
"22737031","1"
"22737683","1"
"22738686","2"
"22746361","2"
"22762293","3"
"22775793","1"
"22779978","1"
"22783049","2"
"22789707","1"
"22796673","2"
"22796882","3"
"22827967","2"
"22830109","1"
"22833563","1"
"22845831","2"
"22872764","2"
"22888611","2"
"22890647","2"
"22908363","1"
"22922888","1"
"22926063","1"
"22926286","1"
"22926993","1"
"22927582","2"
"22947495","1"
"22966552","1"
"22975444","1"
"22978269","2"
"22993464","1"
"23003019","1"
"23003128","1"
"23014712","1"
"23023694","1"
"23035371","1"
"23038649","1"
"23043223","2"
"23062012","1"
"23064564","2"
"23071082","1"
"23097527","2"
"23106324","1"
"23111729","1"
"23120421","2"
"23120623","2"
"23121285","1"
"23121350","3"
"23127365","2"
"23140701","2"
"23165114","1"
"23169592","1"
"23178233","1"
"23183937","1"
"23186717","3"
"23201722","2"
"23203890","1"
"23204953","3"
"23223710","1"
"23228172","2"
"23233636","2"
"23246971","1"
"23249975","1"
"23253511","1"
"23257626","1"
"23259325","1"
"23266533","2"
"23289837","1"
"23293234","1"
"23301426","1"
"23306800","1"
"23316047","1"
"23316498","1"
"23320990","1"
"23323032","1"
"23341968","3"
"23344140","1"
"23363555","1"
"23392646","1"
"23392798","1"
"23402216","1"
"23407192","1"
"23409658","1"
"23423943","1"
"23444928","1"
"23451073","2"
"23481478","0"
"23482995","1"
"23489734","3"
"23490003","1"
"23490090","3"
"23497100","3"
"23509728","1"
"23519682","1"
"23525185","1"
"23542089","1"
"23546475","1"
"23595967","3"
"23612621","3"
"23620691","0"
"23623778","4"
"23632435","1"
"23639985","4"
"23642527","1"
"23654136","2"
"23660162","2"
"23664527","1"
"23666933","1"
"23676763","1"
"23682063","1"
"23688184","4"
"23689563","2"
"23703470","2"
"23711070","2"
"23711817","4"
"23715724","2"
"23727646","1"
"23731530","1"
"23741276","2"
"23747891","1"
"23792523","1"
"23797805","2"
"23804244","1"
"23833221","2"
"23854582","1"
"23861569","1"
"23891077","1"
"23895102","1"
"23900231","1"
"23922423","2"
"23934431","2"
"24000213","3"
"24053837","1"
"24057755","2"
"24059870","1"
"24065483","3"
"24077008","2"
"24088442","2"
"24091471","1"
"24123294","1"
"24127623","1"
"24147019","2"
"24157552","2"
"24162524","1"
"24171618","1"
"24181594","1"
"24200805","3"
"24231862","1"
"24234221","1"
"24243849","1"
"24246740","1"
"24251553","1"
"24269021","1"
"24286958","1"
"24345030","1"
"24377842","1"
"24385794","2"
"24409507","1"
"24447574","1"
"24458582","1"
"24463701","1"
"24471157","3"
"24486948","1"
"24488387","3"
"24490648","1"
"24605234","3"
"24617504","1"
"24621484","1"
"24653301","4"
"24700762","3"
"24707319","2"
"24720757","1"
"24757263","1"
"24757501","1"
"24759103","1"
"24805177","2"
"24805385","1"
"24816674","1"
"24822978","3"
"24824487","3"
"24824849","1"
"24834681","2"
"24836501","2"
"24837048","1"
"24845314","3"
"24845786","1"
"24863374","1"
"24865657","1"
"24872760","2"
"24915201","0"
"24927524","1"
"24943140","1"
"24944117","0"
"24944422","1"
"24945589","2"
"24962267","0"
"24968758","1"
"24974109","2"
"24983581","2"
"25023418","1"
"25023768","1"
"25024496","0"
"25025091","3"
"25031886","2"
"25032129","1"
"25055631","1"
"25059412","1"
"25060073","1"
"25086659","0"
"25092208","3"
"25106283","3"
"25187433","1"
"25189386","1"
"25207035","3"
"25211775","2"
"25212379","2"
"25221226","1"
"25234550","2"
"25278412","1"
"25285933","0"
"25307578","1"
"25314725","2"
"25318093","1"
"25319353","2"
"25321651","1"
"25327700","1"
"25376522","1"
"25422560","2"
"25426755","2"
"25442534","1"
"25444150","1"
"25448534","0"
"25455687","1"
"25466645","2"
"25485935","1"
"25514670","1"
"25560697","1"
"25560858","2"
"25561400","1"
"25570201","1"
"25574420","1"
"25585813","1"
"25602035","1"
"25615238","1"
"25623238","0"
"25639619","0"
"25645780","1"
"25676322","2"
"25678215","1"
"25683317","1"
"25688149","1"
"25693773","1"
"25695247","1"
"25701647","2"
"25704901","2"
"25727224","1"
"25763412","1"
"25769754","1"
"25771355","0"
"25775602","1"
"25778225","1"
"25782918","1"
"25790177","1"
"25792622","1"
"25798102","1"
"25824373","1"
"25824602","1"
"25837766","2"
"25839442","1"
"25853297","1"
"25878382","2"
"25879626","1"
"25897239","1"
"25898362","0"
"25900351","0"
"25905238","2"
"25908828","1"
"25932783","2"
"25934406","1"
"25937886","3"
"25944581","4"
"25953060","2"
"25953450","2"
"25954935","1"
"25963646","2"
"25976394","2"
"25980927","3"
"25985404","1"
"26004876","1"
"26005545","3"
"26007610","1"
"26021009","1"
"26028858","1"
"26032055","1"
"26046319","0"
"26051337","1"
"26074195","1"
"26080446","0"
"26085851","1"
"26097689","3"
"26103508","2"
"26110767","3"
"26127691","2"
"26144694","1"
"26145903","2"
"26152543","1"
"26154237","1"
"26172385","1"
"26182521","2"
"26192129","1"
"26197905","1"
"26198214","5"
"26198675","1"
"26199361","1"
"26207361","2"
"26208855","1"
"26211008","2"
"26227269","2"
"26227372","2"
"26247031","1"
"26265754","2"
"26267368","1"
"26278914","4"
"26286734","1"
"26314334","2"
"26316826","1"
"26325678","1"
"26330140","1"
"26347169","1"
"26356245","1"
"26361453","1"
"26380189","3"
"26388358","0"
"26392478","3"
"26406581","1"
"26407009","2"
"26412993","1"
"26413404","1"
"26416809","3"
"26429154","1"
"26429694","1"
"26437476","1"
"26440206","1"
"26452859","1"
"26465881","2"
"26472905","1"
"26475516","3"
"26475765","2"
"26478718","3"
"26484498","2"
"26488664","1"
"26491703","1"
"26521709","1"
"26530448","1"
"26534551","2"
"26543669","3"
"26555440","1"
"26558133","1"
"26569868","3"
"26575664","2"
"26585949","2"
"26586678","2"
"26591229","1"
"26597992","0"
"26620720","1"
"26640144","1"
"26645336","1"
"26652408","1"
"26659049","2"
"26661579","1"
"26689385","1"
"26694170","1"
"26696116","1"
"26703974","2"
"26706121","2"
"26707033","1"
"26718862","0"
"26720400","1"
"26724605","1"
"26730084","1"
"26733752","1"
"26742754","1"
"26749977","1"
"26755939","1"
"26757382","2"
"26769403","2"
"26791701","4"
"26806568","2"
"26811024","2"
"26812207","2"
"26812363","2"
"26818422","3"
"26821053","2"
"26823465","1"
"26823701","1"
"26829625","2"
"26832484","1"
"26834402","2"
"26836728","1"
"26847810","1"
"26852511","4"
"26868293","1"
"26889931","1"
"26890769","1"
"26893655","1"
"26904655","1"
"26910657","1"
"26919423","2"
"26934321","1"
"26935061","1"
"26948771","1"
"26950438","1"
"26952703","1"
"26957797","0"
"26958296","2"
"26960264","1"
"26978997","0"
"26980969","1"
"26982027","1"
"26991224","3"
"27000464","2"
"27004831","1"
"27005450","1"
"27022835","1"
"27025368","1"
"27027213","2"
"27034920","2"
"27045225","2"
"27060014","1"
"27061506","1"
"27076873","1"
"27077555","2"
"27083195","1"
"27085237","4"
"27091152","3"
"27096602","0"
"27118046","2"
"27132614","1"
"27156419","1"
"27157791","1"
"27158691","2"
"27164368","3"
"27171960","2"
"27173397","1"
"27179325","1"
"27211656","1"
"27221522","1"
"27229907","1"
"27237581","2"
"27243028","1"
"27253569","1"
"27260828","1"
"27277655","1"
"27285170","2"
"27291969","2"
"27295630","1"
"27301366","1"
"27317822","1"
"27326913","1"
"27333204","1"
"27337497","1"
"27350899","1"
"27368610","2"
"27386116","2"
"27386520","2"
"27398069","1"
"27406721","1"
"27410230","2"
"27412737","0"
"27417880","1"
"27436815","1"
"27453020","2"
"27455496","1"
"27455595","1"
"27456555","1"
"27463213","3"
"27471366","2"
"27496282","1"
"27504677","1"
"27510037","3"
"27515675","1"
"27516164","3"
"27521240","1"
"27547289","1"
"27573340","1"
"27583355","1"
"27584731","1"
"27595335","2"
"27599812","2"
"27613186","1"
"27624671","4"
"27631090","1"
"27631215","3"
"27640614","2"
"27640897","1"
"27649181","1"
"27650688","1"
"27651334","1"
"27652007","1"
"27652428","2"
"27669217","1"
"27675024","1"
"27699731","2"
"27713842","1"
"27731647","2"
"27737102","1"
"27737873","1"
"27757469","1"
"27762815","3"
"27771452","1"
"27776476","1"
"27784389","1"
"27784768","1"
"27821644","1"
"27842481","1"
"27864200","2"
"27906884","1"
"27908124","2"
"27930976","1"
"27931979","1"
"27933966","1"
"27965967","3"
"27977496","2"
"28005569","1"
"28005571","2"
"28009552","2"
"28032848","1"
"28036849","1"
"28059416","1"
"28082009","1"
"28082450","2"
"28082851","1"
"28102920","2"
"28110125","1"
"28131041","1"
"28132774","1"
"28133614","1"
"28141474","1"
"28144053","2"
"28144628","1"
"28144886","1"
"28145595","0"
"28159160","1"
"28162785","1"
"28162993","1"
"28177022","0"
"28177263","1"
"28182914","2"
"28191807","1"
"28222115","1"
"28240375","3"
"28267730","2"
"28269126","3"
"28301971","3"
"28311788","1"
"28313910","1"
"28328125","2"
"28329004","2"
"28353442","2"
"28356766","1"
"28360588","2"
"28373524","2"
"28374745","1"
"28375476","3"
"28389568","2"
"28400538","1"
"28400757","1"
"28429468","1"
"28437248","2"
"28465281","1"
"28480057","1"
"28508518","2"
"28510059","1"
"28515699","4"
"28521564","4"
"28526109","3"
"28527501","1"
"28543731","1"
"28552974","1"
"28553359","1"
"28561971","3"
"28562934","1"
"28572596","3"
"28575224","2"
"28604446","1"
"28607908","1"
"28610591","1"
"28612989","3"
"28638508","2"
"28644573","1"
"28650392","0"
"28650767","2"
"28660236","2"
"28661602","1"
"28662358","2"
"28665802","1"
"28668323","1"
"28671507","1"
"28674299","1"
"28674945","1"
"28676166","1"
"28678566","2"
"28680213","2"
"28681848","1"
"28683972","1"
"28688733","2"
"28692501","1"
"28700531","2"
"28703990","1"
"28711458","2"
"28711563","2"
"28722277","1"
"28722704","1"
"28723111","1"
"28732351","1"
"28739472","2"
"28747790","3"
"28749035","1"
"28749718","1"
"28750001","1"
"28751359","1"
"28756989","2"
"28757038","1"
"28757175","1"
"28757211","2"
"28777729","1"
"28779176","1"
"28780624","2"
"28785177","2"
"28788135","1"
"28796904","6"
"28810855","1"
"28818551","2"
"28828712","4"
"28830321","1"
"28835546","2"
"28835740","3"
"28835950","1"
"28841688","1"
"28865767","2"
"28866826","1"
"28866864","2"
"28868726","1"
"28870250","2"
"28872889","2"
"28879099","1"
"28881358","1"
"28888558","0"
"28890003","2"
"28897257","1"
"28904927","1"
"28905008","1"
"28921048","1"
"28927663","2"
"28928836","1"
"28930772","2"
"28931694","2"
"28935008","1"
"28943745","1"
"28946465","1"
"28950843","2"
"28964699","1"
"28968095","2"
"28992852","2"
"28994718","2"
"28999730","2"
"29004359","1"
"29016625","2"
"29023606","1"
"29023783","2"
"29024039","1"
"29036841","1"
"29045722","1"
"29048359","3"
"29049860","1"
"29051358","1"
"29089418","2"
"29089651","4"
"29092069","1"
"29096789","1"
"29100414","1"
"29105974","1"
"29114526","1"
"29115356","2"
"29116281","2"
"29120017","1"
"29121354","1"
"29122160","2"
"29133327","1"
"29137553","1"
"29158741","1"
"29173582","2"
"29178010","2"
"29182867","1"
"29186623","1"
"29187287","0"
"29191311","1"
"29191484","2"
"29196383","2"
"29198037","1"
"29215585","1"
"29217513","1"
"29225200","1"
"29225678","1"
"29227234","2"
"29234089","1"
"29238465","1"
"29241057","1"
"29244703","4"
"29247699","1"
"29251421","1"
"29272423","1"
"29279290","1"
"29311581","1"
"29317027","2"
"29325391","1"
"29325832","1"
"29332248","3"
"29334746","1"
"29336082","1"
"29336244","1"
"29336763","1"
"29338331","2"
"29348673","5"
"29349366","1"
"29355671","2"
"29363460","2"
"29380289","1"
"29380737","1"
"29385547","1"
"29394419","2"
"29398132","2"
"29400458","0"
"29401773","2"
"29401883","1"
"29403362","1"
"29413573","1"
"29419620","1"
"29444495","1"
"29449405","1"
"29453542","1"
"29454528","2"
"29456018","1"
"29456232","1"
"29463700","2"
"29465090","3"
"29471873","2"
"29481218","2"
"29482085","2"
"29485723","1"
"29503615","2"
"29503960","1"
"29518656","1"
"29524293","1"
"29531852","1"
"29535023","1"
"29536198","1"
"29541186","4"
"29551791","1"
"29558101","1"
"29570803","1"
"29573334","2"
"29580601","1"
"29582156","0"
"29584663","0"
"29589479","3"
"29590294","1"
"29597863","2"
"29607384","1"
"29610306","3"
"29616396","2"
"29617717","2"
"29624950","1"
"29637591","1"
"29645430","1"
"29645760","1"
"29655694","2"
"29665666","4"
"29688550","1"
"29689760","1"
"29693254","5"
"29730302","1"
"29738784","1"
"29740043","2"
"29742950","2"
"29747005","1"
"29760031","1"
"29761147","1"
"29772166","2"
"29775645","2"
"29779568","1"
"29779606","2"
"29784927","2"
"29788717","1"
"29788942","2"
"29801357","3"
"29806121","1"
"29809449","1"
"29812946","2"
"29813193","1"
"29814106","1"
"29832210","1"
"29832431","2"
"29837997","1"
"29846814","1"
"29851449","4"
"29865954","2"
"29869793","1"
"29871260","2"
"29874238","1"
"29878259","1"
"29897041","1"
"29906721","2"
"29911388","1"
"29934485","1"
"29934633","1"
"29935210","0"
"29945873","0"
"29946977","2"
"29949497","2"
"29954292","1"
"29957418","2"
"29963742","2"
"29964520","2"
"29966941","1"
"29967409","3"
"29979705","0"
"29987540","1"
"29991850","1"
"30003849","1"
"30008314","1"
"30009651","1"
"30011551","1"
"30012873","1"
"30017472","1"
"30017971","1"
"30026164","2"
"30028539","1"
"30032073","1"
"30034438","1"
"30035989","1"
"30037846","1"
"30038700","2"
"30042831","1"
"30042840","2"
"30043954","1"
"30053886","0"
"30060199","1"
"30065479","1"
"30069132","1"
"30070574","1"
"30091790","1"
"30105437","1"
"30143897","2"
"30154532","1"
"30155960","1"
"30156177","2"
"30156429","1"
"30156778","1"
"30163846","2"
"30172788","1"
"30175187","1"
"30176817","0"
"30197961","3"
"30205032","2"
"30217822","2"
"30239496","1"
"30241118","1"
"30245511","1"
"30269930","2"
"30271173","1"
"30271940","3"
"30279013","1"
"30305786","1"
"30314851","1"
"30316787","2"
"30363746","2"
"30367683","1"
"30375197","1"
"30399730","0"
"30400046","3"
"30403057","2"
"30418552","1"
"30429552","2"
"30434008","1"
"30434644","1"
"30440050","1"
"30464163","4"
"30493644","3"
"30505347","1"
"30511642","1"
"30512564","1"
"30514088","2"
"30517355","1"
"30534246","1"
"30540166","1"
"30543465","2"
"30549253","2"
"30564299","1"
"30572562","3"
"30584028","1"
"30619162","2"
"30625730","2"
"30633674","1"
"30634001","2"
"30634008","2"
"30634119","2"
"30661531","1"
"30677014","1"
"30706284","1"
"30715996","1"
"30717713","1"
"30719549","1"
"30721449","2"
"30732709","4"
"30810641","1"
"30813083","1"
"30820325","1"
"30827225","1"
"30830179","3"
"30833267","1"
"30847314","1"
"30853159","1"
"30859454","2"
"30862802","1"
"30867898","1"
"30872136","1"
"30886350","2"
"30887196","2"
"30914230","2"
"30918397","1"
"30932571","1"
"30934213","1"
"30936958","4"
"30940468","1"
"30943224","3"
"30964984","2"
"30966831","3"
"30990112","3"
"31017992","1"
"31028681","1"
"31032002","1"
"31060425","1"
"31060828","2"
"31078808","1"
"31095372","1"
"31103978","1"
"31110422","2"
"31116013","2"
"31125091","1"
"31129672","2"
"31152244","1"
"31153693","2"
"31168328","2"
"31200659","1"
"31208380","2"
"31208578","3"
"31216473","1"
"31222929","3"
"31237502","1"
"31238993","1"
"31240606","2"
"31249762","2"
"31274026","4"
"31278561","1"
"31279920","1"
"31307788","2"
"31318926","3"
"31354659","1"
"31354919","1"
"31369790","2"
"31381742","1"
"31448167","1"
"31499687","3"
"31500560","3"
"31546381","2"
"31608142","1"
"31608168","1"
"31616117","1"
"31628290","2"
"31664693","4"
"31671322","2"
"31699101","1"
"31718381","1"
"31728077","2"
"31744483","1"
"31775972","2"
"31776965","2"
"31779865","1"
"31792103","1"
"31799637","1"
"31799997","3"
"31801455","2"
"31809868","2"
"31814921","1"
"31833848","1"
"31845665","3"
"31859111","2"
"31859985","1"
"31864874","2"
"31865308","1"
"31902512","3"
"31926975","1"
"31941352","2"
"31947593","1"
"31971903","1"
"31997182","1"
"31998408","1"
"32017722","3"
"32021754","1"
"32032075","1"
"32037832","2"
"32041388","1"
"32074393","1"
"32077398","3"
"32086874","1"
"32091729","1"
"32102839","1"
"32102949","1"
"32103155","1"
"32113732","2"
"32122079","1"
"32127574","1"
"32158791","1"
"32160010","1"
"32167558","2"
"32172010","1"
"32173627","3"
"32177502","1"
"32177930","1"
"32224120","1"
"32231986","1"
"32253690","1"
"32268203","1"
"32270099","1"
"32283515","1"
"32295432","1"
"32295724","1"
"32298129","1"
"32300895","1"
"32312521","1"
"32327376","1"
"32345116","2"
"32375430","1"
"32377890","1"
"32413213","1"
"32413370","1"
"32421369","1"
"32448292","1"
"32460081","5"
"32475404","1"
"32489771","1"
"32522546","2"
"32526042","1"
"32531345","1"
"32533577","1"
"32535029","1"
"32536254","1"
"32541434","2"
"32548906","1"
"32555229","2"
"32562431","1"
"32569429","1"
"32590215","4"
"32596387","2"
"32599182","1"
"32611459","2"
"32619328","1"
"32641801","0"
"32658499","1"
"32668151","1"
"32668931","1"
"32672317","1"
"32672704","1"
"32674170","2"
"32674888","1"
"32683368","1"
"32685619","1"
"32685933","1"
"32686156","1"
"32706768","2"
"32713311","1"
"32713552","1"
"32713702","1"
"32757039","4"
"32760454","1"
"32760603","1"
"32792844","3"
"32801443","1"
"32803912","1"
"32804532","1"
"32833349","2"
"32833418","1"
"32839002","1"
"32873447","1"
"32877796","1"
"32880512","1"
"32890357","3"
"32911819","1"
"32922986","1"
"32927111","2"
"32936245","2"
"32958996","1"
"32984554","1"
"32985981","3"
"32986706","3"
"33002133","2"
"33003344","1"
"33004019","1"
"33012026","2"
"33037384","1"
"33039584","1"
"33043027","1"
"33043169","4"
"33046994","1"
"33048725","1"
"33076180","1"
"33084774","3"
"33093336","1"
"33093807","2"
"33094344","2"
"33097966","3"
"33107426","1"
"33110164","2"
"33112617","1"
"33116108","1"
"33116531","2"
"33127217","2"
"33132738","1"
"33135564","0"
"33151857","1"
"33161002","1"
"33162723","1"
"33164253","3"
"33173635","1"
"33187838","1"
"33191694","1"
"33199587","1"
"33201429","1"
"33222392","2"
"33225491","1"
"33227609","2"
"33227667","3"
"33240519","1"
"33259501","2"
"33261436","0"
"33263821","1"
"33264843","0"
"33266050","4"
"33291754","2"
"33293744","3"
"33295144","1"
"33307880","1"
"33311551","0"
"33312718","1"
"33314788","1"
"33320200","1"
"33321091","3"
"33322583","1"
"33323622","1"
"33324388","2"
"33331658","1"
"33332251","1"
"33334293","2"
"33337585","0"
"33346353","0"
"33351239","1"
"33351326","1"
"33359502","2"
"33361978","1"
"33368100","0"
"33384189","2"
"33393036","2"
"33394656","1"
"33394953","1"
"33396028","2"
"33413163","2"
"33422945","1"
"33438563","2"
"33441854","1"
"33447525","2"
"33451408","2"
"33453668","2"
"33457889","0"
"33469269","3"
"33470059","1"
"33479679","2"
"33482515","2"
"33489575","1"
"33494879","1"
"33499879","1"
"33508302","1"
"33509719","2"
"33513685","1"
"33519218","2"
"33524274","1"
"33524614","2"
"33524973","1"
"33536589","2"
"33537505","1"
"33541380","1"
"33551013","2"
"33562667","2"
"33563845","2"
"33566414","2"
"33572647","2"
"33576530","3"
"33615672","1"
"33620633","1"
"33623875","2"
"33659673","3"
"33661945","2"
"33669987","1"
"33679644","2"
"33711787","1"
"33714890","2"
"33715613","1"
"33738747","2"
"33764393","1"
"33777404","2"
"33785791","2"
"33796318","3"
"33801284","1"
"33808179","2"
"33817327","3"
"33834720","1"
"33845042","2"
"33845651","2"
"33846821","3"
"33858530","1"
"33881792","1"
"33900307","2"
"33904603","2"
"33911017","2"
"33918992","4"
"33932737","1"
"33961259","1"
"33974556","3"
"33981398","1"
"33983414","1"
"33986629","1"
"34006144","2"
"34021435","1"
"34028789","3"
"34041162","1"
"34044873","1"
"34092440","1"
"34094848","1"
"34108599","1"
"34110170","1"
"34110414","3"
"34120459","3"
"34122282","2"
"34124770","2"
"34164334","1"
"34164567","3"
"34168421","2"
"34186485","2"
"34196952","1"
"34198975","1"
"34219020","2"
"34225287","2"
"34257650","2"
"34308334","2"
"34313385","2"
"34315337","2"
"34318500","3"
"34329927","1"
"34342026","3"
"34362480","1"
"34363660","2"
"34370453","2"
"34376412","2"
"34381608","1"
"34383731","2"
"34383932","3"
"34385669","1"
"34428933","1"
"34447891","2"
"34458256","1"
"34467034","1"
"34468669","1"
"34482697","1"
"34490110","1"
"34498056","2"
"34499596","1"
"34501836","2"
"34509522","1"
"34513998","2"
"34520145","1"
"34527677","2"
"34537980","1"
"34539919","1"
"34544069","1"
"34558612","1"
"34580489","1"
"34624251","2"
"34643003","1"
"34645808","0"
"34674403","2"
"34678046","0"
"34680319","1"
"34695997","1"
"34703247","1"
"34733384","2"
"34743620","1"
"34752023","1"
"34768230","1"
"34795100","2"
"34806521","1"
"34814010","1"
"34814914","0"
"34840652","1"
"34852517","1"
"34858154","2"
"34887527","2"
"34912078","4"
"34929382","1"
"34936600","2"
"34937850","2"
"34939647","1"
"34946443","1"
"34948113","1"
"34956003","3"
"34958186","3"
"34960655","1"
"34960999","4"
"34973522","2"
"34978840","0"
"35001959","3"
"35018526","2"
"35042502","3"
"35066236","3"
"35068495","2"
"35069921","2"
"35077764","1"
"35095809","1"
"35098936","1"
"35107944","2"
"35110857","2"
"35113256","1"
"35114658","0"
"35135963","1"
"35157561","0"
"35168469","1"
"35175383","3"
"35185022","1"
"35192849","1"
"35202215","1"
"35205954","1"
"35207595","1"
"35208369","2"
"35211583","1"
"35220750","2"
"35222842","1"
"35247009","2"
"35250031","1"
"35257824","1"
"35259169","0"
"35259311","1"
"35275033","2"
"35279210","1"
"35301798","1"
"35317433","2"
"35342487","2"
"35345245","1"
"35385111","1"
"35400546","1"
"35421773","1"
"35441985","0"
"35444949","1"
"35456484","1"
"35477111","1"
"35506065","3"
"35508625","1"
"35510124","1"
"35518678","1"
"35519491","2"
"35524045","3"
"35548589","1"
"35549764","2"
"35563263","1"
"35569540","1"
"35639087","1"
"35641464","3"
"35659556","1"
"35664890","1"
"35671647","1"
"35676189","1"
"35677732","1"
"35678610","1"
"35682924","0"
"35684401","1"
"35684748","1"
"35690734","1"
"35699905","1"
"35717526","1"
"35717866","3"
"35737402","2"
"35772524","5"
"35780406","2"
"35785350","1"
"35804919","1"
"35806252","2"
"35810633","1"
"35818472","1"
"35819440","1"
"35873083","1"
"35877638","1"
"35885467","1"
"35893287","2"
"35910376","2"
"35914015","1"
"35928288","2"
"35929895","1"
"35939662","3"
"35951348","1"
"35952841","1"
"35961159","1"
"35968221","3"
"35997864","1"
"35998361","1"
"35999233","1"
"36009623","1"
"36042398","0"
"36056544","1"
"36062010","1"
"36070455","2"
"36073332","1"
"36081475","3"
"36089021","1"
"36118521","0"
"36119482","1"
"36123943","1"
"36127862","1"
"36132777","1"
"36140076","1"
"36146062","1"
"36155902","1"
"36157809","1"
"36166928","1"
"36190472","1"
"36192136","1"
"36192382","2"
"36202065","1"
"36248655","1"
"36248854","1"
"36253206","1"
"36254725","2"
"36261149","1"
"36263152","2"
"36271351","1"
"36276698","1"
"36282894","1"
"36288048","0"
"36303117","1"
"36323666","0"
"36329112","1"
"36329716","1"
"36339041","2"
"36341477","2"
"36346419","2"
"36347478","1"
"36351261","1"
"36360600","0"
"36362177","1"
"36363074","2"
"36381627","3"
"36401430","2"
"36404521","1"
"36409241","1"
"36412633","0"
"36414762","1"
"36423626","1"
"36439266","1"
"36440478","1"
"36458210","1"
"36464947","2"
"36477607","1"
"36486570","1"
"36489419","3"
"36489835","1"
"36493457","1"
"36494271","2"
"36508701","1"
"36512983","1"
"36515851","1"
"36518461","1"
"36528724","1"
"36529732","1"
"36533697","1"
"36548021","2"
"36554011","1"
"36556290","1"
"36568189","3"
"36568996","1"
"36577819","1"
"36611039","1"
"36628409","1"
"36631189","1"
"36635927","1"
"36637786","1"
"36658284","1"
"36672346","4"
"36672807","2"
"36675880","1"
"36681643","2"
"36687511","2"
"36688431","1"
"36700046","2"
"36706651","1"
"36718662","1"
"36726925","1"
"36746442","1"
"36749563","3"
"36750104","1"
"36752742","1"
"36765258","1"
"36765306","1"
"36766818","1"
"36769501","0"
"36776300","2"
"36777019","1"
"36785785","1"
"36789897","1"
"36799310","1"
"36813589","1"
"36825351","1"
"36825718","1"
"36847449","2"
"36861150","1"
"36862521","1"
"36873324","0"
"36893302","1"
"36896434","2"
"36915111","1"
"36923410","1"
"36925619","1"
"36927798","1"
"36928221","1"
"36947183","1"
"36947932","3"
"36957711","1"
"36958649","1"
"36960782","2"
"36963266","1"
"36967427","2"
"36969129","3"
"36974203","2"
"36975065","1"
"36979325","2"
"36991472","1"
"36991772","1"
"36993643","1"
"37000038","1"
"37003149","1"
"37009157","1"
"37011984","2"
"37012429","3"
"37035225","2"
"37037399","1"
"37038709","1"
"37039307","1"
"37053365","0"
"37057189","1"
"37057453","0"
"37060290","1"
"37064353","2"
"37073235","1"
"37080092","2"
"37082880","3"
"37084019","1"
"37091308","1"
"37091784","1"
"37096550","4"
"37103767","1"
"37104840","1"
"37105675","2"
"37110836","1"
"37127803","1"
"37148750","2"
"37175121","1"
"37197878","1"
"37250474","1"
"37256100","1"
"37300584","2"
"37310779","1"
"37320532","0"
"37327140","1"
"37332527","2"
"37335063","1"
"37350504","1"
"37355136","0"
"37356245","1"
"37392479","1"
"37393140","1"
"37402022","3"
"37415476","1"
"37437370","2"
"37443693","2"
"37447313","0"
"37448086","1"
"37472960","1"
"37490262","1"
"37495891","2"
"37504534","3"
"37506434","1"
"37512794","2"
"37513046","2"
"37525650","1"
"37530682","1"
"37541520","1"
"37545526","1"
"37554736","1"
"37559325","1"
"37578885","2"
"37585404","2"
"37595725","1"
"37600976","0"
"37636570","1"
"37638005","0"
"37643605","1"
"37646039","1"
"37656436","2"
"37666571","2"
"37694313","2"
"37723418","1"
"37729469","1"
"37731365","2"
"37737810","1"
"37737973","1"
"37753188","2"
"37772256","0"
"37776837","1"
"37778648","1"
"37779498","1"
"37789015","1"
"37798871","0"
"37799280","1"
"37810521","1"
"37828059","1"
"37843985","2"
"37857728","2"
"37858560","1"
"37887327","1"
"37891315","2"
"37901126","0"
"37905486","0"
"37910498","3"
"37914103","1"
"37951265","2"
"37972940","1"
"37990080","1"
"37994553","3"
"38034338","2"
"38043737","1"
"38100250","2"
"38105756","2"
"38145510","1"
"38147841","2"
"38166698","1"
"38212202","1"
"38214363","3"
"38236207","1"
"38250237","1"
"38288221","1"
"38294095","1"
"38338690","1"
"38353312","1"
"38392718","1"
"38414686","2"
"38417539","2"
"38426315","1"
"38426922","1"
"38428173","1"
"38487870","3"
"38493137","2"
"38505920","1"
"38514226","0"
"38517024","1"
"38547815","1"
"38669012","2"
"38677256","1"
"38678200","1"
"38684541","3"
"38692735","2"
"38704239","1"
"38733052","0"
"38743225","1"
"38784038","2"
"38814022","5"
"38819448","1"
"38839572","1"
"38843684","2"
"38859828","0"
"38861629","2"
"38884482","1"
"38894065","3"
"38937520","2"
"38943325","3"
"38947664","1"
"38949773","1"
"38963228","3"
"38966809","2"
"38985194","1"
"38987581","1"
"38997833","1"
"39027607","1"
"39028564","1"
"39029528","1"
"39057060","2"
"39060138","1"
"39074689","1"
"39074812","2"
"39089054","1"
"39101404","1"
"39128005","1"
"39150995","3"
"39161070","1"
"39173209","1"
"39189005","2"
"39195541","1"
"39200770","1"
"39201064","1"
"39205829","1"
"39262519","1"
"39262731","2"
"39281262","1"
"39308323","1"
"39309279","2"
"39313647","1"
"39320606","1"
"39331542","1"
"39334528","1"
"39335469","3"
"39369012","1"
"39372157","1"
"39411252","1"
"39412255","2"
"39425956","1"
"39426131","1"
"39426861","1"
"39428119","1"
"39431948","2"
"39439872","1"
"39447795","1"
"39451038","1"
"39459784","1"
"39469071","2"
"39476322","0"
"39495672","1"
"39502882","1"
"39510092","0"
"39527852","1"
"39533764","1"
"39560241","2"
"39564971","1"
"39565191","1"
"39606757","1"
"39613792","1"
"39613902","1"
"39628098","1"
"39631675","1"
"39645378","2"
"39649175","1"
"39651015","1"
"39656203","1"
"39667692","1"
"39671689","1"
"39675231","2"
"39676627","1"
"39682425","1"
"39683054","2"
"39683280","1"
"39698523","1"
"39714662","1"
"39727991","2"
"39731015","1"
"39733484","2"
"39734961","2"
"39737889","2"
"39757275","1"
"39757913","1"
"39781944","1"
"39782941","1"
"39784722","0"
"39796986","3"
"39811036","1"
"39813584","1"
"39832107","1"
"39835395","2"
"39835981","2"
"39836115","1"
"39864813","1"
"39901224","1"
"39906725","1"
"39921328","1"
"39922414","0"
"39931036","0"
"39934939","1"
"39936020","2"
"39936298","2"
"39938628","1"
"39962412","1"
"39965395","1"
"40002575","2"
"40004245","4"
"40005218","3"
"40008949","2"
"40010376","1"
"40034210","0"
"40044123","1"
"40050059","1"
"40050563","1"
"40050805","3"
"40052944","1"
"40053830","2"
"40064078","2"
"40064598","1"
"40065731","1"
"40077147","2"
"40079193","1"
"40079294","1"
"40092021","3"
"40092049","1"
"40094031","1"
"40118932","1"
"40119707","0"
"40140361","3"
"40141955","2"
"40153168","1"
"40153470","2"
"40154846","3"
"40164857","2"
"40165847","2"
"40183079","2"
"40186932","2"
"40194206","3"
"40199037","1"
"40199310","1"
"40202793","1"
"40204547","2"
"40207261","1"
"40208389","2"
"40210447","1"
"40219852","2"
"40226675","2"
"40240053","1"
"40244109","2"
"40246273","3"
"40249998","2"
"40259433","2"
"40266982","1"
"40270354","2"
"40271646","2"
"40271903","1"
"40284149","1"
"40284691","2"
"40288699","1"
"40291948","2"
"40302811","5"
"40312465","1"
"40319995","1"
"40322962","3"
"40329605","1"
"40334123","1"
"40337295","2"
"40350077","1"
"40359541","1"
"40365052","1"
"40368903","1"
"40396971","3"
"40399346","2"
"40407515","2"
"40418936","1"
"40422080","2"
"40428026","1"
"40439463","2"
"40442527","1"
"40448537","1"
"40449108","2"
"40457690","1"
"40471559","1"
"40480619","1"
"40491023","1"
"40497364","1"
"40510195","2"
"40514349","1"
"40514913","3"
"40537309","1"
"40537569","2"
"40550000","2"
"40567090","2"
"40567312","1"
"40574396","1"
"40578521","1"
"40578921","1"
"40579530","2"
"40593470","1"
"40604749","2"
"40635695","2"
"40638421","2"
"40646878","4"
"40669024","1"
"40693893","1"
"40726132","1"
"40744387","0"
"40763154","1"
"40772502","2"
"40805332","1"
"40807783","0"
"40821446","2"
"40823652","1"
"40831945","1"
"40850515","0"
"40890725","2"
"40898292","1"
"40899725","1"
"40903406","2"
"40904560","2"
"40905476","1"
"40916106","1"
"40938299","2"
"40944915","2"
"40945738","0"
"40949024","1"
"40949931","3"
"40950935","1"
"40953724","1"
"40954066","1"
"40959433","2"
"40968041","1"
"40970844","1"
"40979288","1"
"40981402","1"
"40984138","2"
"41016656","1"
"41024247","2"
"41024650","2"
"41058882","2"
"41065001","1"
"41065463","1"
"41066352","1"
"41069602","1"
"41080014","1"
"41080886","1"
"41081966","1"
"41085883","1"
"41089079","2"
"41097576","1"
"41119026","2"
"41128840","1"
"41129256","0"
"41137603","3"
"41138301","1"
"41166309","3"
"41170767","1"
"41185967","1"
"41202226","1"
"41203991","1"
"41204274","1"
"41214000","3"
"41241156","1"
"41255502","1"
"41261705","0"
"41262474","0"
"41271233","1"
"41271953","1"
"41296275","2"
"41327655","1"
"41333035","2"
"41353529","2"
"41355882","0"
"41360006","2"
"41361062","1"
"41366377","1"
"41378396","2"
"41404846","1"
"41411323","1"
"41415756","1"
"41421723","3"
"41431472","2"
"41470470","1"
"41471283","1"
"41472699","1"
"41487329","3"
"41511633","1"
"41511783","1"
"41519394","0"
"41526599","2"
"41580163","0"
"41595181","1"
"41604526","1"
"41617724","1"
"41652559","1"
"41663474","1"
"41675677","0"
"41688019","4"
"41697003","0"
"41703970","1"
"41706407","2"
"41711585","3"
"41729955","3"
"41739872","2"
"41757151","1"
"41759705","1"
"41766655","1"
"41767888","2"
"41780982","1"
"41781764","4"
"41785038","1"
"41786688","1"
"41789362","1"
"41793263","1"
"41797085","2"
"41813740","1"
"41814345","2"
"41825814","2"
"41830467","2"
"41835812","1"
"41864377","3"
"41866603","1"
"41886543","1"
"41901071","1"
"41912656","1"
"41927137","0"
"41927605","2"
"41930307","1"
"41938447","1"
"41986723","1"
"42003463","3"
"42015413","2"
"42030527","2"
"42031070","3"
"42049798","2"
"42053699","2"
"42057209","1"
"42071406","1"
"42074499","1"
"42094076","2"
"42101726","2"
"42105636","1"
"42107172","3"
"42110714","2"
"42118331","1"
"42123651","1"
"42125336","1"
"42127372","3"
"42127738","3"
"42137436","1"
"42143854","1"
"42149525","2"
"42165958","1"
"42170470","0"
"42177832","1"
"42180787","1"
"42193103","1"
"42196995","2"
"42201312","1"
"42231886","3"
"42239914","1"
"42261987","1"
"42275051","0"
"42289676","1"
"42306597","0"
"42309522","1"
"42317638","1"
"42318879","1"
"42320341","1"
"42331772","1"
"42332778","1"
"42336582","1"
"42351018","1"
"42357953","1"
"42358796","1"
"42367961","2"
"42377013","2"
"42382158","1"
"42395707","1"
"42404134","1"
"42420298","1"
"42422661","1"
"42424269","1"
"42426394","3"
"42443143","2"
"42446557","1"
"42451423","1"
"42460103","1"
"42477560","3"
"42486650","1"
"42499388","2"
"42500517","1"
"42513872","1"
"42555495","3"
"42605486","1"
"42606382","2"
"42612210","1"
"42626943","1"
"42631912","2"
"42633615","1"
"42654555","1"
"42655339","1"
"42655800","1"
"42656356","1"
"42658772","1"
"42661520","1"
"42662368","1"
"42680971","1"
"42685864","1"
"42690713","1"
"42694523","1"
"42710970","2"
"42712760","1"
"42727774","1"
"42731519","1"
"42737075","4"
"42741065","3"
"42742539","1"
"42751339","1"
"42757043","1"
"42769191","1"
"42774498","0"
"42790094","1"
"42816588","1"
"42836214","2"
"42848758","1"
"42854631","1"
"42856526","1"
"42872092","1"
"42878466","1"
"42878569","1"
"42878724","2"
"42886515","1"
"42893124","1"
"42893795","2"
"42903424","1"
"42908273","1"
"42911623","2"
"42911674","2"
"42932800","1"
"42939629","2"
"42953329","1"
"42976380","1"
"43005259","1"
"43008960","1"
"43010683","2"
"43012839","1"
"43015974","1"
"43016201","1"
"43017709","1"
"43021341","1"
"43033932","2"
"43034004","1"
"43047639","2"
"43063713","2"
"43089166","1"
"43098163","1"
"43113068","2"
"43131043","1"
"43153917","3"
"43162427","2"
"43167636","1"
"43169972","1"
"43206957","0"
"43221830","3"
"43245965","1"
"43267452","1"
"43277113","1"
"43284433","1"
"43292223","0"
"43304334","1"
"43307623","1"
"43308099","2"
"43316850","1"
"43318139","0"
"43344762","0"
"43346715","2"
"43362780","1"
"43397246","2"
"43398605","1"
"43400667","2"
"43412043","1"
"43415970","1"
"43426709","2"
"43439492","2"
"43445502","3"
"43452974","1"
"43461007","1"
"43463526","1"
"43474446","1"
"43486298","1"
"43502784","2"
"43506270","1"
"43522584","1"
"43546314","1"
"43547084","2"
"43549170","1"
"43552449","2"
"43554262","2"
"43562553","1"
"43562933","1"
"43582534","2"
"43585694","1"
"43591860","1"
"43597896","0"
"43601285","2"
"43615188","1"
"43645191","0"
"43649923","1"
"43663195","1"
"43666779","1"
"43696861","1"
"43703295","2"
"43705255","2"
"43706895","1"
"43713654","2"
"43719034","0"
"43721446","1"
"43723262","1"
"43735889","1"
"43737487","1"
"43741629","1"
"43749494","1"
"43760194","1"
"43760646","1"
"43771425","0"
"43771603","1"
"43794355","0"
"43819170","1"
"43826550","1"
"43837791","1"
"43840532","1"
"43848691","1"
"43882340","2"
"43918511","4"
"43948016","1"
"43953798","1"
"43954225","1"
"43954488","2"
"43954687","2"
"43960985","1"
"43963203","1"
"43979892","1"
"43982112","2"
"43989931","2"
"43998905","1"
"43999762","2"
"44008058","1"
"44030871","1"
"44039514","3"
"44049185","1"
"44060069","1"
"44067361","2"
"44095034","1"
"44119767","1"
"44119811","0"
"44144555","1"
"44153755","0"
"44182628","2"
"44186590","2"
"44200482","2"
"44201866","2"
"44216763","2"
"44217406","1"
"44241410","0"
"44256367","1"
"44276970","2"
"44314837","2"
"44337071","3"
"44352011","2"
"44353240","1"
"44363893","1"
"44367761","1"
"44373603","1"
"44377367","1"
"44395695","1"
"44399525","1"
"44400336","1"
"44404418","1"
"44423617","1"
"44424156","1"
"44435514","0"
"44450375","1"
"44470095","1"
"44494200","2"
"44528425","1"
"44555410","1"
"44574909","1"
"44584204","2"
"44598718","1"
"44610023","2"
"44610884","1"
"44614783","1"
"44636557","1"
"44657319","1"
"44665085","1"
"44666981","2"
"44712853","1"
"44726705","1"
"44742937","1"
"44780511","1"
"44842558","4"
"44884526","1"
"44900965","1"
"44905337","3"
"44906193","5"
"44970384","1"
"45004019","1"
"45024211","2"
"45029549","1"
"45032844","1"
"45045047","1"
"45045359","1"
"45054617","1"
"45066132","2"
"45087545","1"
"45088563","1"
"45105049","1"
"45107104","2"
"45144754","1"
"45148780","1"
"45149012","3"
"45153108","2"
"45160445","1"
"45176070","1"
"45177355","2"
"45189868","0"
"45217035","1"
"45222687","1"
"45228064","1"
"45242865","1"
"45245309","1"
"45253719","1"
"45307184","1"
"45323562","1"
"45325670","0"
"45332476","0"
"45336398","1"
"45338950","1"
"45362323","1"
"45371790","2"
"45410349","2"
"45421385","0"
"45429263","2"
"45438431","1"
"45479510","3"
"45487817","1"
"45491646","1"
"45508005","2"
"45523781","1"
"45533086","1"
"45533277","1"
"45536452","1"
"45557979","1"
"45572253","1"
"45576089","1"
"45578180","1"
"45580319","1"
"45598281","1"
"45639538","1"
"45647460","1"
"45672922","4"
"45689413","1"
"45691507","1"
"45699811","2"
"45720140","1"
"45743299","2"
"45772012","0"
"45778077","1"
"45781919","1"
"45783166","1"
"45815583","1"
"45837892","0"
"45875263","1"
"45893250","1"
"45894947","1"
"45899972","2"
"45900407","1"
"45914171","1"
"45998870","1"
"46005684","1"
"46019547","1"
"46019759","2"
"46023874","1"
"46028508","2"
"46031817","0"
"46043522","1"
"46043744","1"
"46044323","1"
"46045458","2"
"46065219","1"
"46080978","2"
"46108548","2"
"46112520","1"
"46121546","1"
"46121765","1"
"46122105","2"
"46166269","0"
"46174198","1"
"46185601","1"
"46193513","1"
"46209760","0"
"46209833","2"
"46219422","1"
"46242176","2"
"46247931","2"
"46259180","2"
"46267566","1"
"46274621","1"
"46276845","3"
"46284727","1"
"46289443","1"
"46290507","1"
"46292908","1"
"46296015","1"
"46308092","1"
"46310890","2"
"46311808","1"
"46313584","1"
"46322244","1"
"46324249","1"
"46333966","1"
"46346302","3"
"46352601","2"
"46370362","4"
"46371071","1"
"46383583","1"
"46386200","1"
"46394245","1"
"46394484","1"
"46395444","1"
"46397963","2"
"46406014","1"
"46416757","2"
"46425508","1"
"46426023","1"
"46437599","1"
"46444492","0"
"46474649","1"
"46485117","1"
"46489249","1"
"46493976","1"
"46505033","2"
"46505938","2"
"46506074","1"
"46513901","1"
"46518397","2"
"46532823","1"
"46535338","1"
"46536628","1"
"46540208","1"
"46545854","1"
"46547450","3"
"46552340","1"
"46562400","2"
"46566761","2"
"46575698","1"
"46576305","2"
"46585944","1"
"46593896","1"
"46601806","2"
"46610791","4"
"46611803","0"
"46615764","1"
"46624474","1"
"46624967","1"
"46630213","1"
"46650538","1"
"46651717","1"
"46655436","1"
"46655821","1"
"46671168","1"
"46676848","1"
"46679087","0"
"46717681","1"
"46725458","2"
"46737849","2"
"46752640","1"
"46758683","2"
"46761808","1"
"46762482","0"
"46776328","0"
"46779719","0"
"46781999","1"
"46784562","0"
"46799140","1"
"46800412","0"
"46800962","1"
"46808100","1"
"46825105","1"
"46835169","1"
"46855926","1"
"46858617","1"
"46863423","1"
"46864738","1"
"46866025","1"
"46872686","1"
"46875443","1"
"46876375","1"
"46876796","1"
"46879036","1"
"46881135","1"
"46882374","1"
"46883375","1"
"46901779","1"
"46902108","1"
"46911556","2"
"46911669","1"
"46915224","2"
"46916099","1"
"46919147","1"
"46920759","0"
"46924643","2"
"46936159","1"
"46938986","1"
"46942644","1"
"46946065","2"
"46953215","1"
"46954123","1"
"46962067","1"
"46985668","2"
"46998893","1"
"47005737","2"
"47006499","1"
"47009433","1"
"47011343","1"
"47013235","1"
"47024457","1"
"47024930","0"
"47026495","1"
"47027348","1"
"47031519","1"
"47038208","3"
"47047319","2"
"47058397","1"
"47088682","1"
"47097770","1"
"47098343","2"
"47112717","1"
"47120727","1"
"47128799","1"
"47143535","2"
"47163682","1"
"47165962","1"
"47167562","1"
"47180583","2"
"47207133","2"
"47212094","2"
"47223668","2"